T27062;2026-09-23;18:21:33
Código de Integração;DESCRIÇÃO LOCAL;RAZÃO SOCIAL LOCAL;ATIVO LOCAL;PAÍS;ESTADO;CIDADE;BAIRRO;TIPO LOGRADOURO;LOGRADOURO;NÚMERO LOGRADOURO;COMPLEMENTO LOGRADOURO;CEP;NÚMERO TELEFONE CELULAR;NUMERO TELEFONE FIXO;E-MAIL;OBSERVAÇÃO;IDENTIFICADOR PESSOA RESPONSÁVEL;Transportadora;Títulos Vencidos;Forma de Pagamento Sugerida;Prazo de Pagamento Sugerido;Títulos A Vencer;Notas Fiscais;Contato;Formas de Pagamentos Disponíveis;Prazos de Pagamentos Disponíveis;Tipo de Frete;Entregas Realizadas;Pedidos
2131288080;NOSCAN RECREIO CENTRO AUTOMOTIVO;NOSCAN RECREIO CENTRO AUTOMOTIVO;1;Brasil;RJ;RIO DE JANEIRO;RECREIO;AVENIDA;AVENIDA DAS AMERICAS;14791;LOJA;22790701;;;;;;;;;;;;2131288080;;;;;
51158151511;CENTRO AUTOMOTIVO BARATÃO;CENTRO AUTOMOTIVO BARATÃO;1;Brasil;RIO DE JANEIRO;QUEIMADOS;;RUO;RUA MARTINIANO DE ALENCAR;;;25225320;;;;;;;;;;;;;;;;;
15151515151;DPH ILHA BORRACHARIA;DPH ILHA BORRACHARIA;1;Brasil;RIO DE JANEIRO;;;RUO;RUA MARTINIANO DE ALENCAR;;;25225320;;;;;;;;;;;;;;;;;
11445555555;IGREJA UNIVERSAL;IGREJA UNIVERSAL;1;Brasil;RIO DE JANEIRO;;;RUO;RUA MARTINIANO DE ALENCAR;;;25225320;;;;;;;;;;;;;;;;;
12646438702;BORRACHEIRO 2 IRMÃOS - BETO MOREIRA (QUEIMADOS);BORRACHEIRO 2 IRMÃOS - BETO MOREIRA (QUEIMADOS);1;Brasil;RIO  DE JANEIRO;QUEIMADOS;TINGUÁ;AVENIDA;CAMARIM;40;LOJA;26383140;;;;;;;;;;;;;;;;;
321987;BORRACHARIA QUEQUEL;;1;Brasil;RIO DE JANEIRO;NOVA IGUAÇU;EDSON PASSOS;;;;;;;;;;;;;;;;;;;;;;
25640331126;DANIEL DA ILHA;;1;Brasil;;;;;;;;;;;;;;;;;;;;;;;;;
951;DUDU PNEUS ITAGUAI;;1;Brasil;;;;;;;;;;;;;;;;;;;;;;;;;
17189537716;BORRACHARIA DEUS É FIEL - MISAEL;BORRACHARIA DEUS É FIEL - MISAEL;1;Brasil;RIO  DE JANEIRO;SEROPÉDICA;JARDINS;ESTRADA;ESTRADA RIO SÃO PAULO;126;;23087005;21979786072;;;;;;;;;;;;;;;;
10158210735;BORRACHARIA DO ALAN;BORRACHARIA DO ALAN;1;Brasil;RIO  DE JANEIRO;RIO DE JANEIRO;JACAREPAGUÁ;ESTRADA;ESTRADA DOS BANDEIRANTES;4226;CURICICA;21941060;;;;;;;;;;;;;;;;;
11515151515151;OLIVEIRA PNEUS;OLIVEIRA PNEUS;1;Brasil;RIO DE JANEIRO;QUEIMADOS;SÃO MIGUEL;RUO;RUA OLEGARIO DIAS;722;;25225320;;;;;;;;;;;;;;;;;
070.955.337-41;JADER FERRAZ DA SILVA - BORR. FERRAZ;JADER FERRAZ DA SILVA - BORR. FERRAZ;1;Brasil;RIO  DE JANEIRO;QUEIMADOS;;ESTRADA;OLEGARIO DIAS;0;SN;26311250;21999010785;;;;;;;;;;;;;;;;
Velople;Veloplex auto center;;1;Brasil;Rio de janeiro;Rio de janeiro;Vila isabel;Avenida;28 de setembro;409;;;;;;;;;;;;;;;;;;;
2154963,0;MATEUS BERRIEL;MATEUS BERRIEL;1;Brasil;RIO DE JANEIRO;QUEIMADOS;;RUA;;;;;21999840083;;;;;;;;;;;;;;;;
986532;GT ANGRA PNEUS;;1;Brasil;RIO DE JANEIRO;ANGRA DOS REIS;JAPUIBA;RUA;Japoranga;316;LOJA;23934055;;;;;;;;;;;;;;;;;
3216.54987;ATAUA  ILHA DO GOVERNADOR;;1;Brasil;;;;;;;;;;;;;;;;;;;;;;;;;
21968159054;PAI E FILHO;PAI E FILHO;1;Brasil;RIO DE JANEIRO;;;RUO;RUA MARTINIANO DE ALENCAR;;;25225320;21968159054;;;;;;;;;;;;;;;;
33774906000112;PAI & FILHO (LUCAS);PAI & FILHO (LUCAS);1;Brasil;RIO  DE JANEIRO;NOVA IGUAÇÚ;JARDIM DA POSSE;RUA;LOURIVAL TAVARES DE PAULA;0;;26022172;2131023015;;;;;;;;;;;;;;;;
01695169819841965819;ALFA CENTRO AUTOMOTIVO;ALFA CENTRO AUTOMOTIVO;1;Brasil;RIO DE JANEIRO;;;RUO;RUA MARTINIANO DE ALENCAR;;;25225320;;;;;;;;;;;;;;;;;
151151121969;CENTRO AUTOMOTIVO BARATÃO;CENTRO AUTOMOTIVO BARATÃO;1;Brasil;;;;;;;;;;;;;;;;;;;;;;;;;
321456321;BORRACHEIRO MARQUES (EST. DO CAMPINHO CG);;1;Brasil;;;;;;;;;;;;;;;;;;;;;;;;;
213365200700;ABC PNEUS RECREIO;ABC PNEUS RECREIO;1;Brasil;RIO  DE JANEIRO;RIO DE JANEIRO;RECREIO DOS BANDEIRANTES;AVENIDA;DAS AMÉRICAS;14403;;22790701;2133652007;;;;;;;;;;;;;;;;
2733318197;GW LIDER Niterói | 0101;GW LIDER Niterói | 0101;1;Brasil;RIO DE JANEIRO;NITERÓI;CENTRO;RUA;RUA MARQUES DE PARANA;154;ANEXO 158/166;24030211;;2733318197;diego.cassani@grupolider.com.br;;;;;;;;;2733318197;;;;;
615169698419419;SOLUÇÃO;SOLUÇÃO;1;Brasil;RIO DE JANEIRO;;;RUO;RUA MARTINIANO DE ALENCAR;;;25225320;;;;;;;;;;;;;;;;;
49686473000183;ROLICAR GNV - RETESTE ROLICAR AUTO CENTER LTDA;ROLICAR GNV - RETESTE ROLICAR AUTO CENTER LTDA;1;Brasil;RIO  DE JANEIRO;MAGÉ;VILA CARVALHO;RUA;AVENIDA JOSÉ ULLMAN;541;(VILA INHOMIRIM);25935730;;;;;;;;;;;;;;;;;
42717;FERRARI - E SIFLONIO;FERRARI - E SOFLONIO DE SALLES COMERCIO DE PEÇAS;1;Brasil;;RIO DE JANEIRO;MADUREIRA;;RUA DONA CLARA;48;;21310030;;;;;;;;;;;;;;;;;
14137991000163;BETO CENTRO AUTOMOTIVO (ENG. PEDREIRA);BETO CENTRO AUTOMOTIVO (ENG. PEDREIRA);1;Brasil;RIO  DE JANEIRO;JAPERI;CIDADE JARDIM MARAJOARA;ESTRADA;ESTRADA DOS ALHOS;0;LT13 QD45;26420360;21970322305;;;;;;;;;;;;;;;;
230145796;MARLO DEUS E EU;MARLO DEUS E EU;1;Brasil;;;;;;;;;;;;;;;;;;;;;;;;;
53118988000154;AUTOCENTER BOSQUE - LAVA-JATO;AUTOCENTER BOSQUE - LAVA JATO DO BOSQUE LTDA;1;Brasil;RIO  DE JANEIRO;RIO DE JANEIRO;ANIL;RUA;TENENTE CORONEL MUNIZ DE ARAGÃO;235;;22765003;;;;;;;;;;;;;;;;;
21980001474;ISB PNEUS AUTO CENTER (0101);ISB PNEUS AUTO CENTER (0101);1;Brasil;RIO DE JANEIRO;RIO DE JANEIRO;BANGU;RUA;AV MINISTRO ARY FRANCO;1036;LOJA;21862005;21980001474;;isbpneus2024@gmail.com;;;;;;;;;;;;;;
21965752701;ANTONIO CARLOS DA SILVA LIMA;ANTONIO CARLOS DA SILVA LIMA;1;Brasil;RIO DE JANEIRO;NOVA  IGUAÇU;CAIOBA;RUA;rua doutor joão silva pinto;90;casa;26015250;21965752701;;toinho.carlos3074@gmail.com;;;;;;;;;;;;;;
3212130;RONALDO  CARVALHO;;1;Brasil;;;;;;;;;;;;;;;;;;;;;;;;;
9514;AUTO CENTER DOS  AMIGOS;;1;Brasil;;RIO DE JANEIRO;CAMPO GRANDE;;ESTRADA CACHAMORRA;305;LOTE 32;;;;;;;;;;;;;;;;;;
31.967.252/0001-18;AUTO CONFORTO | RAMOS;JESSICA DE S. GONCALVES AUTO CENTER;1;Brasil;Rio de Janeiro;Rio de Janeiro;Ramos;Rua;Cardoso de Moaes;495;loja;21032025;21982225262;;;;;;;;;;;;;;;;
2546987031;CAPS FREGUESIA (PRAÇA SECA);CAPS FREGUESIA;1;Brasil;RIO DE JANEIRO;RIO DE JANEIRO;;LOJA;ESTRADA DO MONTEIRO;;;23036340;;;;;;;;;;;;;;;;;
213654066;CAPS RECREIO RIO AMERICAS;CAPS RECREIO RIO AMERICAS;1;Brasil;RIO DE JANEIRO;DUQUE DE CAXIAS;;RUO;RUA MARTINIANO DE ALENCAR;29;;25225320;;;;;;;;;;;;;;;;;
254698731;CAPS MARACANÃ;CAPS MARACANÃ;1;Brasil;;;;;;;;;;;;;;;;;;;;;;;;;
21992012741HJ;SÃO LOURENÇO PNEUS GOODYEAR SÃO GONÇALO;SÃO LOURENÇO PNEUS GOODYEAR SÃO GONÇALO;1;Brasil;RIO  DE JANEIRO;SÃO GONÇALO;TRINDADE;RUA;DR. NILO PEÇANHA;1146;;24445300;2140404890;;;;;;;;;;;;;;;;
2134887443;P&B AUTO PEÇAS | 0105;P&B AUTO PEÇAS | 0105;1;Brasil;rio de Janeiro;são joão de meriti;jardim sumaré;loja;rua miguel couto;1083;loja b e c;;2134887443;;dimas@fst.com.br;;;;;;;;;;;;;;
32654781234;TRANSCOFAB;TRANSCOFAB;1;Brasil;;;;;;;;;;;;;;;;;;;;;;;;;
32323;SILVA & BRITO AUTO CENTER LTDA (MANU PNEUS);;1;Brasil;RIO DE JANEIRO;SÃO JOÃO DE MERITI;VILAR DOS TELES;RUA;PRESIDENTE LINCOLN;;SN,LOJA A,LOTE 27,QUADRA 12;25555201;;;;;;;;;;;;;;;;;
2564790;MOOV CENTRO AUTOMOTIVO BOTAFOGO;MOOV CENTRO AUTOMOTIVO;1;Brasil;RIO DE JANEIRO;RIO DE JANEIRO;BOTAFOGO;RUA;DA PASSAGEM;180;LOJA;22290031;;;;;;;;;;;;;;;;;
0001;ROUTE 164;ROUTE 164;0;Brasil;Rio de Janeiro;Rio de Janeiro;Jacarepaguá;;Estrada dos Bandeirantes;3715;- de 3193 a 4935 - lado ímpar;22775113;;;;;;;;;;;;;;;;;
216454849;DAVI SUSPENSÕES;;1;Brasil;;;;;;;;;;;;;;;;;;;;;;;;;
36598741;CASTROL ILHA;CASTROL ILHA;1;Brasil;RIO DE JANEIRO;RIO DE JANEIRO;ILHA DO GOVERNADOR;RUA;SARGENTO JOÃO LOPES;710;LOJA;21931420;;2133933637;;;;;;;;;;;;;;;
1457896525;ALEXANDRO CARCACEIRO;;1;Brasil;;;;;;;;;;;;;;;;;;;;;;;;;
2587946;GP3 ILHA;;1;Brasil;;;;;;;;;;;;;;;;;;;;;;;;;
32.779.323/0001-11;RODA LIMPA PNEUS (ALEXANDRE IRMÃO DO KIKO) - 0103;RODA LIMPA PNEUS (ALEXANDRE IRMÃO DO KIKO) - 0103;1;Brasil;RIO DE JANEIRO;NOVA IGUAÇÚ;JARDIM IGUAÇÚ;RUA;PROFESSOR HELENO CLAUDIO FRAGOSO;207;;26282011;21964272649;;rodalimpa@hotmail.com;;;;;;;;;;;;;;
212454879;ABC SANTA CRUZ;;1;Brasil;;;;;;;;;;;;;;;;;;;;;;;;;
32567941;GP3 MARACANÃ;GP3 MARACANÃ;1;Brasil;;;;;;;;;;;;;;;;;;;;;;;;;
3265478910;3 IRMÃOS SANTA CRUZ;;1;Brasil;;;;;;;;;;;;;;;;;;;;;;;;;
32165496;FELIPE NEW CAR  KIKO'S;FELIPE NEW CAR  KIKO'S;1;Brasil;RIO DE JANEIRO;DUQUE DE CAXIAS;POSSE;RUO;RUA MARTINIANO DE ALENCAR;982;LOJA;25225320;;;;;;;;;;;;;;;;;
215469830;ADISON (MINEIRO);ADISON (MINEIRO);0;Brasil;;;;;;;;;;;;;;;;;;;;;;;;;
09563246;RAFAEL MACEDO;;1;Brasil;;;;;;;;;;;;;;;;;;;;;;;;;
65432975;BATATA CARCACEIRO;;1;Brasil;;;;;;;;;;;;;;;;;;;;;;;;;
326547891;HOLLYCAR AUTO CENTER;HOLLYCAR AUTO CENTER;1;Brasil;;;;;;;;;;;;;;;;;;;;;;;;;
32179864;LEO GUADALUPE;;1;Brasil;;;;;;;;;;;;;;;;;;;;;;;;;
98763145;CARREFOUR BELFORD ROXO;;1;Brasil;;;;;;;;;;;;;;;;;;;;;;;;;
31.967.252/0001-18000;DIOGO DE OLIVEIRA BRITO | GETÚLIO;DIOGO DE OLIVEIRA BRITO | GETÚLIO;1;Brasil;Rio de Janeiro;RIO DE JANEIRO;VARGEM PEQUENA;ESTRADA;ESTRADA DOS BANDEIRANTES;11609;;22783117;;;;;;;;;;;;;;;;;
165666656;MOANDI AUTO CENTER;;1;Brasil;;;;;;;;;;;;;;;;;;;;;;;;;
32164899546;CASA GRANDE (vilar dos teles);;1;Brasil;;;;;;;;;;;;;;;;;;;;;;;;;
9865731;MAX PNEUS H PNEUS DUQUE DE CAXIAS;;1;Brasil;;;;;;;;;;;;;;;;;;;;;;;;;
3256984;GM OLIVEIRA PEÇAS E ACESSÓRIOS MECÂNICA ME;;1;Brasil;RIO DE JANEIRO;RIO DE JANEIRO;TAQUARA;RUA;ANDRE DA ROCHA;2434;LOJA;22710568;;;;;;;;;;;;;;;;;
05186955736;ZOCAR AUTO CENTER;ZOCAR AUTO CENTER;1;Brasil;RJ;RIO DE JANEIRO;JARDIM AMÉRICA;RUA;MARECHAL ANTONIO SOUZA;812;LOJA;21240430;;;;;;;;;;;;;;;;;
188118418484;BORRACHARIA DO BOLINHO;BORRACHARIA DO BOLINHO;1;Brasil;RIO DE JANEIRO;;;RUO;RUA MARTINIANO DE ALENCAR;;;25225320;;;;;;;;;;;;;;;;;
3216497520;CALAD PORTO SEGURO;;1;Brasil;RIO DE JANEIRO;DUQUE DE CAXIAS;;RUO;RUA MARTINIANO DE ALENCAR;29;;25225320;;;;;;;;;;;;;;;;;
1111111111;Renam;;1;Brasil;;;;;;;;;;;;;;;;;;;;;;;;;
12345678;SR Jaime;SR.Jaime;1;Brasil;;;;;;;;;;;;;;;;;;;;;;;;;
1323659874;PLATAFORMA AUTO CENTER;;1;Brasil;;;;;;;;;;;;;;;;;;;;;;;;;
321654;PEPE CENTRO AUTOMOTIVO;;1;Brasil;;;;;;;;;;;;;;;;;;;;;;;;;
2546701;dudacar paty de alferes;;1;Brasil;;;;;;;;;;;;;;;;;;;;;;;;;
2584846865456;SÃO LOURENÇO;;1;Brasil;;;;;;;;;;;;;;;;;;;;;;;;;
00001580;PNEUS MOTORS CARREFOUR;PNEUS MOTORS CARREFOUR;1;Brasil;;;;;;;;;;;;;;;;;;;;;;;;;
9865324569;ALVORADA TAXIS LTDA;ALVORADA TAXIS LTDA;1;Brasil;;;;;;;;;;;;;;;;;;;;;;;;;
32657941230;SIRI (RICARDO DE ALBUQUERQUE);;1;Brasil;;;;;;;;;;;;;;;;;;;;;;;;;
31.967.252/0001-18445;AUTOBR | NOVA ELITE II;AUTOBR | NOVA ELITE II;1;Brasil;;;;;;;;21032025;21982225262;;;;;;;;;;;;;;;;
32656014;SIVEL SULACAP;;1;Brasil;;;;;;;;;;;;;;;;;;;;;;;;;
345621;ROMERO AUTO CENTER;;1;Brasil;;;;;;;;;;;;;;;;;;;;;;;;;
365147;C A FUTURA;;1;Brasil;RIO DE JANEIRO;MESQUITA;EDSON PASSOS;RUA;PRESIDENTE COSTA E SILVA;775;;26584001;;;;;;;;;;;;;;;;;
0000000;marquinho detran;;1;Brasil;RIO DE JANEIRO;RIO DE JANEIRO;ramos;RUO;rua taci;75;a;21031650;21986926147;;;;;;;;;;;;;;;;
5115656445;FULL PNEUS;;1;Brasil;;;;;;;;;;;;;;;;;;;;;;;;;
51551515151515;HM MATIAS;;1;Brasil;;;;;;;;;;;;;;;;;;;;;;;;;
41515115;OPTIMAR CAR (VITOR);;1;Brasil;;;;;;;;;;;;;;;;;;;;;;;;;
31456;MOOV BARRA;;1;Brasil;;;;;;;;;;;;;;;;;;;;;;;;;
326985;ABC JACAREPAGUA;;1;Brasil;;;;;;;;;;;;;;;;;;;;;;;;;
321123;OEST CAR MICHELLIN CAMPO GRANDE;;1;Brasil;RIO DE JANEIRO;RIO DE JANEIRO;CAMPO GRANDE;ESTRADA;ESTRADA DO MONTEIRO;1633;LOJA;23351000;;;;;;;;;;;;;;;;;
5141561615161;CLÁUDIO MELANDRE BARJA;CLÁUDIO MELANDRE BARJA;1;Brasil;RIO DE JANEIRO;DUQUE DE CAXIAS;;RUO;RUA MARTINIANO DE ALENCAR;;;25225320;;;;;;;;;;;;;;;;;
957643;FORTE SUSPENSÕES BANGU;;1;Brasil;RIO DE JANEIRO;RIO DE JANEIRO;BANGU;AVENIDA;SANTA CRUZ;6667;LOJA;;;;;;;;;;;;;;;;;;
53324677000141;REINALDO LUIZ BARRETO CABRAL;REINALDO LUIZ BARRETO CABRAL;1;Brasil;Rio de Janeiro;SÃO JOAO DE MERITI;PARQUE SÃO NICOLAU;RUA;JESUINO DE ANDRADE;175;;25530032;21988886294;;;;;;;;;;;;;;;;
951753;PORTA (CARCAÇA);;1;Brasil;;;;;;;;;;;;;;;;;;;;;;;;;
21967790806;AUTO MONUMENTAL;AUTO MONUMENTAL;1;Brasil;RIO DE JANEIRO;RIO DE JANEIRO;paciência;RUA;ESTRADA SANTA EUGENIA;1998;LOJA;23520560;21967790806;;auto.monumental10@gmail.com;;;;;;;;;;;;;;
111511511515;ALPHA MOLAS TIGRE;ALPHA MOLAS TIGRE;1;Brasil;RIO DE JANEIRO;;;RUO;RUA MARTINIANO DE ALENCAR;;;25225320;;;;;;;;;;;;;;;;;
0002;PIREMAXX BAURU;;1;Brasil;RIO  DE JANEIRO;;;RUA;SIDNEY MULLER;;;21941060;;;;;;;;;;;;;;;;;
0000005;BORRACHEIRO PARAZÃO (MARCELO DA SILVA BATISTA);BORRACHEIRO PARAZÃO;1;Brasil;RJ;Rio de Janeiro;São João de Meriti;;AVENIDA AUTOMOVEL CLUBE;2140;;25260000;;;;;;;;;;;;;;;;;
15615616516;VINICIU BORRACHEIRO (luiz de lemos);VINICIU BORRACHEIRO (luiz de lemos);1;Brasil;RIO DE JANEIRO;;;RUO;RUA MARTINIANO DE ALENCAR;;;25225320;;;;;;;;;;;;;;;;;
+849+48489+44;NEI VEÍCULOS;;1;Brasil;;;;;;;;;;;;;;;;;;;;;;;;;
326598;EQUIPAR AUTO CENTER;;1;Brasil;RIO DE JANEIRO;ITAGUAI;;AVENIDA;OCTÁVIO CABRAL, 1150, 26882264 - Brasil.;1150;LOJA;26882264;;;;;;;;;;;;;;;;;
32454698;PNEUS 10 AUTO CENTER;;1;Brasil;;;;;;;;;;;;;;;;;;;;;;;;;
2589645;CAFUNDA CENTRO AUTOMOTIVO;CAFUNDA CENTRO AUTOMOTIVO;1;Brasil;;;;;;;;;;;;;;;;;;;;;;;;;
00000002;OUTO CENTER SÃO JENUARIO;MGVSERVISOS;0;Brasil;RIO DE JANEIRO;RIO DE JANEIRO;SÃO CRISTOVÃO;RUO;SÃO JENUARIO/VASCO DA GAMA;817;;20921004;;2122630098;;;;;;;;;;;;;;;
232656400964;BIG TIJUCA;BIG TIJUCA;1;Brasil;;;;;;;;;;;;;;;;;;;;;;;;;
98456;CM AUTOMOTIVA PNEUS;;1;Brasil;;;;;;;;;;;;;;;;;;;;;;;;;
4125552;GR GARAGE AUTO SERVICE;GR GARAGE AUTO SERVICE;1;Brasil;;;;;;;;;;;;;;;;;;;;;;;;;
2654400326494;ANTONIO OLIVEIRA;;1;Brasil;;;;;;;;;;;;;;;;;;;;;;;;;
654789987;Borracharia Lucas e Nelson;;1;Brasil;;;;;;;;;;;;;;;;;;;;;;;;;
77024203;DIEGO (JORGINHO);;1;Brasil;;;;;;;;;;;;;;;;;;;;;;;;;
77024297;GEAN;;1;Brasil;;;;;;;;;;;;;;;;;;;;;;;;;
77024483;NOVA UNIÃO;;1;Brasil;;;;;;;;;;;;;;;;;;;;;;;;;
77024043;ARIENE;;1;Brasil;;;;;;;;;;;;;;;;;;;;;;;;;
77024044;ARILSON;;1;Brasil;;;;;;;;;;;;;;;;;;;;;;;;;
77024366;JOSÉ CARLOS FERNANDES JUNIOR;;1;Brasil;;;;;;;;;;;;;;;;;;;;;;;;;
77024377;JULIO PM (PORTA);;1;Brasil;;;;;;;;;;;;;;;;;;;;;;;;;
77024000;ALESSANDRO FRANCISCO DA SILVA;;1;Brasil;;;;;;;;;;;;;;;;;;;;;;;;;
77024091;BORRACHARIA;;1;Brasil;;;;;;;;;;;;;;;;;;;;;;;;;
77024009;ALEXANDRE  (irmão do kiko);;1;Brasil;;;;;;;;;;;;;;;;;;;;;;;;;
77024382;KAUAN PNEUS;;1;Brasil;;;;;;;;;;;;;;;;;;;;;;;;;
77024020;AMAURI SEGURANÇA;;1;Brasil;;;;;;;;;;;;;;;;;;;;;;;;;
77024065;AUTO MECÂNICA CUNHA DE ROCHA MIRANDA LTDA - ME;;1;Brasil;;;;;;;;;;;;;;;;;;;;;;;;;
77024066;AUTO MECÂNICA ROCHA E PEREZ;;1;Brasil;;;;;;;;;;;;;;;;;;;;;;;;;
77024067;AUTOMOTIVO SPACE CAR (INHOAIBA);;1;Brasil;;;;;;;;;;;;;;;;;;;;;;;;;
77024076;BAIANO;;1;Brasil;;;;;;;;;;;;;;;;;;;;;;;;;
77024077;BARA RIO SOM ELETRÔNICA LTDA;;1;Brasil;;;;;;;;;;;;;;;;;;;;;;;;;
77024078;BAZAR REI DE TRIBO DE JUDA;;1;Brasil;;;;;;;;;;;;;;;;;;;;;;;;;
77024092;BORRACHARIA ALTA (ED WILSON FERNANDES DE OLIVEIRA);;1;Brasil;;;;;;;;;;;;;;;;;;;;;;;;;
77024383;KLEBER;;1;Brasil;;;;;;;;;;;;;;;;;;;;;;;;;
77024323;IMPERIO AUTO CENTER;;1;Brasil;;;;;;;;;;;;;;;;;;;;;;;;;
77024222;E DOS SANTOS CENTRO AUTOMOTIVO (ELENIDO);;1;Brasil;;;;;;;;;;;;;;;;;;;;;;;;;
77024416;LUIZ CLAUDIO;;1;Brasil;;;;;;;;;;;;;;;;;;;;;;;;;
77024384;KLEBER MARICA;;1;Brasil;;;;;;;;;;;;;;;;;;;;;;;;;
77024116;BORRACHEIRO DO ABENÇOADO (SAN DIEGO);;1;Brasil;;;;;;;;;;;;;;;;;;;;;;;;;
77024517;POLICIA MILITAR;;1;Brasil;;;;;;;;;;;;;;;;;;;;;;;;;
77024538;RENATO (AMIGO DO PAULISTA );;1;Brasil;;;;;;;;;;;;;;;;;;;;;;;;;
77024539;RENATO PENHA;;1;Brasil;;;;;;;;;;;;;;;;;;;;;;;;;
77024132;CABEÇA PRIMO DO RONALDO;;1;Brasil;;;;;;;;;;;;;;;;;;;;;;;;;
77024324;IMPERIO DOS PNEUS  (PATRICK SOARES DIAS);;1;Brasil;;;;;;;;;;;;;;;;;;;;;;;;;
77024329;ISRAEL DA CONCEIÇÃO ROSA;;1;Brasil;;;;;;;;;;;;;;;;;;;;;;;;;
77024540;RENATO PNEUS (CARCAÇA);;1;Brasil;;;;;;;;;;;;;;;;;;;;;;;;;
77024442;MARRECAR;;1;Brasil;;;;;;;;;;;;;;;;;;;;;;;;;
77024550;RICARDO (VIZINHO);;1;Brasil;;;;;;;;;;;;;;;;;;;;;;;;;
77024582;SABASTIÃO;;1;Brasil;;;;;;;;;;;;;;;;;;;;;;;;;
77024583;SAFETY ASS. TÉCNICA E EQUIPAMENTOS;;1;Brasil;;;;;;;;;;;;;;;;;;;;;;;;;
77024522;P&S;;1;Brasil;;;;;;;;;;;;;;;;;;;;;;;;;
77024600;SIMAR;;1;Brasil;;;;;;;;;;;;;;;;;;;;;;;;;
77024601;SOARES HOME COMERCIO;;1;Brasil;;;;;;;;;;;;;;;;;;;;;;;;;
77024558;ROBSON RIBEIRO DE OLIVEIRA;;1;Brasil;;;;;;;;;;;;;;;;;;;;;;;;;
77024590;SÃO PEDRO BORRACHARIA;;1;Brasil;;;;;;;;;;;;;;;;;;;;;;;;;
77024592;SATURNO COMÉRCIO DE PEÇAS;;1;Brasil;;;;;;;;;;;;;;;;;;;;;;;;;
77023991;ABOLISOM PEÇAS E ACESSÓRIOS ERIELLI;;1;Brasil;;;;;;;;;;;;;;;;;;;;;;;;;
77023989;3 IRMÃOS (MAXWEL);AUTO CENTER TRÊS IRMÃOS LTDA;1;Brasil;;;;;;;;;;2122324424;;;;;;;;;;;;;;;
77024242;FABINHO (CABEÇÃO);;1;Brasil;;;;;;;;;;;;;;;;;;;;;;;;;
77024204;DIEGO MIRANDA;;1;Brasil;;;;;;;;;;;;;;;;;;;;;;;;;
77024314;HIDEAL CAR;;1;Brasil;;;;;;;;;;;;;;;;;;;;;;;;;
77024316;HUMBERTO;;1;Brasil;;;;;;;;;;;;;;;;;;;;;;;;;
77024327;IRANILDO;;1;Brasil;;;;;;;;;;;;;;;;;;;;;;;;;
77024534;REBOQUE FIEL;;1;Brasil;;;;;;;;;;;;;;;;;;;;;;;;;
77024557;ROBSON (AMIGO DO PAULISTA );;1;Brasil;;;;;;;;;;;;;;;;;;;;;;;;;
77024617;TEMPLAR AUTO CENTER;;1;Brasil;;;;;;;;;;;;;;;;;;;;;;;;;
77024118;BORRACHEIRO PORTELÃO LTDA;;1;Brasil;;;;;;;;;;;;;;;;;;;;;;;;;
77024215;DUARTE;;1;Brasil;;;;;;;;;;;;;;;;;;;;;;;;;
77024119;BORRACHEIRO ZÉ GRANDE ( JOSÉ PINTÃO);;1;Brasil;;;;;;;;;;;;;;;;;;;;;;;;;
77024264;(GARANTIA) ANDERSON;;0;Brasil;;;;;;;;;;;;;;;;;;;;;;;;;
77024265;(GARANTIA) ANDERSON VENDA ONLINE;;0;Brasil;;;;;;;;;;;;;;;;;;;;;;;;;
77024266;(GARANTIA) BFG AUTO CENTER;;0;Brasil;;;;;;;;;;;;;;;;;;;;;;;;;
77024267;(GARANTIA) BORRACHARIA INTENDENTE;;0;Brasil;;;;;;;;;;;;;;;;;;;;;;;;;
77024354;JOELIO VIERA MATOS ( JACK );;1;Brasil;;;;;;;;;;;;;;;;;;;;;;;;;
77024387;LCJ CENTRO AUTOMOTIVO LTDA;;1;Brasil;;;;;;;;;;;;;;;;;;;;;;;;;
77024395;LEANDRO (SEGURANÇA);;1;Brasil;;;;;;;;;;;;;;;;;;;;;;;;;
77024396;LEANDRO VIZINHO;;1;Brasil;;;;;;;;;;;;;;;;;;;;;;;;;
77024397;LEONANDO (AMIGO DO MARLON);;0;Brasil;;;;;;;;;;;;;;;;;;;;;;;;;
77024398;LEONAR;;1;Brasil;;;;;;;;;;;;;;;;;;;;;;;;;
77024417;LUIZ CLAUDIO ( KAKINHO);;1;Brasil;;;;;;;;;;;;;;;;;;;;;;;;;
77024437;MARCOS VIEIRA MATOS;;1;Brasil;;;;;;;;;;;;;;;;;;;;;;;;;
77024443;MATEUS ESPIRITO SANTO;;1;Brasil;;;;;;;;;;;;;;;;;;;;;;;;;
77024581;RUSSO AV. BRASIL;;1;Brasil;;;;;;;;;;;;;;;;;;;;;;;;;
77024105;BORRACHARIA INTENDENTE  LTDA;;1;Brasil;;;;;;;;;;;;;;;;;;;;;;;;;
77023998;ALAN FERREIRA;;1;Brasil;;;;;;;;;;;;;;;;;;;;;;;;;
77024115;BORRACHEIRO 2 IRMÃOS (USADOS);;1;Brasil;;;;;;;;;;;;;;;;;;;;;;;;;
77024351;JK PIRAQUARA;;1;Brasil;;;;;;;;;;;;;;;;;;;;;;;;;
77024373;JR ELEKTRA;;1;Brasil;RIO DE JANEIRO;NOVA IGUAÇU;CENTRO;AVENIDA;NILO PEÇANHA;1042;QUADRA A;26210011;;;;;;;;;;;;;;;;;
77024374;JSM PEÇAS E ACESSÓRIOS;;1;Brasil;;;;;;;;;;;;;;;;;;;;;;;;;
77024385;KLEBER  SANTOS  (MARICÁ);;1;Brasil;;;;;;;;;;;;;;;;;;;;;;;;;
77024386;LC;;1;Brasil;;;;;;;;;;;;;;;;;;;;;;;;;
77024415;LUIZ CESAR ( AMIGO DO PAULISTA);;1;Brasil;;;;;;;;;;;;;;;;;;;;;;;;;
77024626;TRANSFORMES AUTO CENTER;;1;Brasil;;;;;;;;;;;;;;;;;;;;;;;;;
77024098;BORRACHARIA DAS AMERICAS;;1;Brasil;;;;;;;;;;;;;;;;;;;;;;;;;
77024135;CANDIDO (CASA DE OLÉO);;1;Brasil;;;;;;;;;;;;;;;;;;;;;;;;;
77024137;C A PRONTO ( ADRIANO);;1;Brasil;;;;;;;;;;;;;;;;;;;;;;;;;
77024138;CAQUINHO;;1;Brasil;;;;;;;;;;;;;;;;;;;;;;;;;
77024139;CARECA  RIO DA PRATA  (ALEXANDRE MARQUES PITA );;1;Brasil;;;;;;;;;;;;;;;;;;;;;;;;;
77024036;ANDRES LU REBOQUES E CARRETINHAS;;1;Brasil;;;;;;;;;;;;;;;;;;;;;;;;;
77024053;AUTO CENTER COOP;;1;Brasil;;;;;;;;;;;;;;;;;;;;;;;;;
77024054;AUTO CENTER GERICINO;;1;Brasil;;;;;;;;;;;;;;;;;;;;;;;;;
77024096;BORRACHARIA CABUÇU;;1;Brasil;;;;;;;;;;;;;;;;;;;;;;;;;
77024206;DIEGO ( Tijuca);;1;Brasil;;;;;;;;;;;;;;;;;;;;;;;;;
77024207;DIEGO VIZINHO;;1;Brasil;;;;;;;;;;;;;;;;;;;;;;;;;
77024284;(GARANTIA) PARRINI AUTO CENTER;;1;Brasil;;;;;;;;;;;;;;;;;;;;;;;;;
77024097;BORRACHARIA CATUMBI (BRUNO SARMENTO);;1;Brasil;;;;;;;;;;;;;;;;;;;;;;;;;
77024219;EDGARD;;1;Brasil;;;;;;;;;;;;;;;;;;;;;;;;;
77024298;GEOVANE;;1;Brasil;;;;;;;;;;;;;;;;;;;;;;;;;
77024390;LC PNEUS;;1;Brasil;;;;;;;;;;;;;;;;;;;;;;;;;
77024391;LEANDRO;;1;Brasil;;;;;;;;;;;;;;;;;;;;;;;;;
77024453;MICHEL;;1;Brasil;;;;;;;;;;;;;;;;;;;;;;;;;
77024454;MICHEL PORTA;;1;Brasil;;;;;;;;;;;;;;;;;;;;;;;;;
77024299;GEOVANE NASCIMENTO DA SILVA;;1;Brasil;;;;;;;;;;;;;;;;;;;;;;;;;
77024468;MULTIRIO IMPORT  AUTOCENTER;;1;Brasil;;;;;;;;;;;;;;;;;;;;;;;;;
77024317;HV AUTO CENTER;;1;Brasil;;;;;;;;;;;;;;;;;;;;;;;;;
77024469;MUNIQUE RUFINO;;1;Brasil;;;;;;;;;;;;;;;;;;;;;;;;;
77024325;INKAL  AUTO CENTER;;1;Brasil;;;;;;;;;;;;;;;;;;;;;;;;;
77024470;NANDO AUTO CENTER;;1;Brasil;;;;;;;;;;;;;;;;;;;;;;;;;
77024326;Iranildo;;1;Brasil;;;;;;;;;;;;;;;;;;;;;;;;;
77024482;NOVA KART;;1;Brasil;;;;;;;;;;;;;;;;;;;;;;;;;
77024471;NASCAR COMERCIO E SERVIÇOS PEÇAS;;1;Brasil;;;;;;;;;;;;;;;;;;;;;;;;;
77023993;ADRIANO ROGERIO;;1;Brasil;;;;;;;;;;;;;;;;;;;;;;;;;
77024477;NJ AUTO CENTER;;1;Brasil;;;;;;;;;;;;;;;;;;;;;;;;;
77024529;RAEL;;1;Brasil;;;;;;;;;;;;;;;;;;;;;;;;;
77024530;RAFAEL (AMIGO DO PAULISTA);;1;Brasil;;;;;;;;;;;;;;;;;;;;;;;;;
77024543;REVOLUCAR  PNEUS;;1;Brasil;;;;;;;;;;;;;;;;;;;;;;;;;
77024208;DIOMEDIO (AMIGO DO PAULISTA );;1;Brasil;;;;;;;;;;;;;;;;;;;;;;;;;
77024209;DNEY LOPES PENIDO (BORRACHEIRO PENIDO);;1;Brasil;;;;;;;;;;;;;;;;;;;;;;;;;
77024210;DOIS Z  PNEUS;;1;Brasil;;;;;;;;;;;;;;;;;;;;;;;;;
77024212;DOUGLAS;;1;Brasil;;;;;;;;;;;;;;;;;;;;;;;;;
77024213;DOUGLAS FARIAS FERREIRA (BAIXINHO RIO BONITO);;1;Brasil;;;;;;;;;;;;;;;;;;;;;;;;;
77023987;2F;;1;Brasil;;;;;;;;;;;;;;;;;;;;;;;;;
77023990;5 RODAS AUTO PEÇAS;;1;Brasil;RIO DE JANEIRO;RIO DE JANEIRO;SANTA CRUZ;AVENIDA;AVENIDA SANTA CRUZ;2765;LOJA;23510360;;;;;;;;;;;;;;;;;
77024003;ALEXANDRE;;1;Brasil;;;;;;;;;;;;;;;;;;;;;;;;;
77024337;JEAN  ( BENTO RIBEIRO);;1;Brasil;;;;;;;;;;;;;;;;;;;;;;;;;
77024336;JCL  PNEUS E PEÇAS;;1;Brasil;;;;;;;;;;;;;;;;;;;;;;;;;
77024488;OSVALDO  ( GRAFICA DOS TALÕES);;1;Brasil;;;;;;;;;;;;;;;;;;;;;;;;;
77024014;ALEX SAQUAREMA;;1;Brasil;;;;;;;;;;;;;;;;;;;;;;;;;
77024031;ANDERSON (SEGURANÇA);;1;Brasil;;;;;;;;;;;;;;;;;;;;;;;;;
77023992;ADRIANA  GUERRA;;1;Brasil;;;;;;;;;;;;;;;;;;;;;;;;;
77023994;ADSON CAMPOS FERREIRA (MINEIRO);;1;Brasil;;;;;;;;;;;;;;;;;;;;;;;;;
77023995;AERO AUTO CENTER  ( SIMAR);;1;Brasil;;;;;;;;;;;;;;;;;;;;;;;;;
77023997;A K X SERVIÇOS E COMÉRCIO DE PNEUS LTDA EPP;;1;Brasil;;;;;;;;;;;;;;;;;;;;;;;;;
77024001;ALEX (AMIGO DO PAULISTA);;1;Brasil;;;;;;;;;;;;;;;;;;;;;;;;;
77024002;ALEXANDER BALBINO SILVA ( DINHO PAVUNA);;1;Brasil;;;;;;;;;;;;;;;;;;;;;;;;;
77024004;ALEXANDRE (AMIGO DO PAULISTA);;1;Brasil;;;;;;;;;;;;;;;;;;;;;;;;;
77023996;AILTON ( BACALHAU);;0;Brasil;;;;;;;;;;;;;;;;;;;;;;;;;
77023999;ALESSANDRO (AMIGO DO PAULISTA);;0;Brasil;;;;;;;;;;;;;;;;;;;;;;;;;
77024005;ALEXANDRE  BESSOT;;1;Brasil;;;;;;;;;;;;;;;;;;;;;;;;;
77024006;ALEXANDRE DE MELO SOARES;;1;Brasil;;;;;;;;;;;;;;;;;;;;;;;;;
77024007;ALEXANDRE  - ESTAÇÃO DE SERVIÇOS A. TAÚA;;1;Brasil;;;;;;;;;;;;;;;;;;;;;;;;;
77024008;ALEXANDRE   ( ILHA );;1;Brasil;;;;;;;;;;;;;;;;;;;;;;;;;
77024010;ALEXANDRE MARQUES PITA;;1;Brasil;;;;;;;;;;;;;;;;;;;;;;;;;
77024011;ALEX(BACALHAU);;1;Brasil;;;;;;;;;;;;;;;;;;;;;;;;;
77024012;ALEX DO BACALHAU;;1;Brasil;;;;;;;;;;;;;;;;;;;;;;;;;
77024013;ALEX  (HADDOCK LOBO);;1;Brasil;;;;;;;;;;;;;;;;;;;;;;;;;
77024015;ALISSON  ( AMIGO DO PAULISTA);;1;Brasil;;;;;;;;;;;;;;;;;;;;;;;;;
77024016;ALLAN  (VIZINHO);;1;Brasil;;;;;;;;;;;;;;;;;;;;;;;;;
77024017;ALMIR DE SOUZA PM(PORTA);;1;Brasil;;;;;;;;;;;;;;;;;;;;;;;;;
77024019;AMARANTES;;1;Brasil;;;;;;;;;;;;;;;;;;;;;;;;;
77024032;ANDRADE;;1;Brasil;;;;;;;;;;;;;;;;;;;;;;;;;
77024021;AMIGO DE PAULISTA;;1;Brasil;;;;;;;;;;;;;;;;;;;;;;;;;
77024022;AMIGO DO MARLON;;0;Brasil;;;;;;;;;;;;;;;;;;;;;;;;;
77024023;AMIGO DO PAULISTA .;;1;Brasil;;;;;;;;;;;;;;;;;;;;;;;;;
77024024;AMIGO DO PAULISTA ( CIVIL);;1;Brasil;;;;;;;;;;;;;;;;;;;;;;;;;
77024025;AMIGO PAULISTA;;1;Brasil;;;;;;;;;;;;;;;;;;;;;;;;;
77024026;AMIGOS DA ILHA COM. DE PNEUS E ACESSÓRIOS LTDA - ME;;1;Brasil;;;;;;;;;;;;;;;;;;;;;;;;;
77024027;AM PNEUS;;1;Brasil;;;;;;;;;;;;;;;;;;;;;;;;;
77024028;ANDERSON  ( Gordinho );;1;Brasil;;;;;;;;;;;;;;;;;;;;;;;;;
77024029;ANDERSON (GORDINHO);;1;Brasil;;;;;;;;;;;;;;;;;;;;;;;;;
77024030;ANDERSON PNEUS;;1;Brasil;;;;;;;;;;;;;;;;;;;;;;;;;
77024033;ANDRÉ ( AMIGO DO PAULISTA);;1;Brasil;;;;;;;;;;;;;;;;;;;;;;;;;
77024034;ANDREIA (BANGU);;1;Brasil;;;;;;;;;;;;;;;;;;;;;;;;;
77024035;ANDRÉ SEGANTIN;;1;Brasil;;;;;;;;;;;;;;;;;;;;;;;;;
77024037;ANSELMO;;1;Brasil;;;;;;;;;;;;;;;;;;;;;;;;;
77024038;ARAUJO AUTO CENTER;;1;Brasil;RIO DE JANEIRO;DUQUE DE CAXIAS;JARDIM ANHANGÁ;;;;;;;;;;;;;;;;;;;;;;
77024040;ARCA AUTO CENTER LTDA;;1;Brasil;;;;;;;;;;;;;;;;;;;;;;;;;
77024041;ARIANE;;1;Brasil;;;;;;;;;;;;;;;;;;;;;;;;;
77024042;ARIEL PADARIA;;1;Brasil;;;;;;;;;;;;;;;;;;;;;;;;;
77024045;ARLI DA SILVA FILHO;;1;Brasil;;;;;;;;;;;;;;;;;;;;;;;;;
77024046;ARO 17  ( SERGIO R. MIRANDA);;1;Brasil;;;;;;;;;;;;;;;;;;;;;;;;;
77024047;ARTHUR AUTO CENTER;;1;Brasil;;;;;;;;;;;;;;;;;;;;;;;;;
77024039;ARAUJO E AZEVEDO COMERCIO DE PEÇAS LTDA - ME;;1;Brasil;;;;;;;;;;;;;;;;;;;;;;;;;
77024048;ARTHUR  (PORTA);;1;Brasil;;;;;;;;;;;;;;;;;;;;;;;;;
77024049;ARYEL;;1;Brasil;;;;;;;;;;;;;;;;;;;;;;;;;
77024050;AUTO BOX  (MARCIO XERÉM );;1;Brasil;;;;;;;;;;;;;;;;;;;;;;;;;
77024051;AUTO CENTER 3 IRMÃOS;;1;Brasil;;;;;;;;;;;;;;;;;;;;;;;;;
77024052;AUTO CENTER BONSUCESSO;;1;Brasil;;;;;;;;;;;;;;;;;;;;;;;;;
77024063;AUTO ESCOLA ILHA BELA;;1;Brasil;;;;;;;;;;;;;;;;;;;;;;;;;
77024055;AUTO CENTER LOUZADA;;1;Brasil;;;;;;;;;;;;;;;;;;;;;;;;;
77024056;AUTO CENTER ONZE 66 EIRELI - ME;;1;Brasil;;;;;;;;;;;;;;;;;;;;;;;;;
77024058;BIRA AUTO CENTER;AUTO CENTER SANTA CRUZ EIRELLI;1;Brasil;RIO DE JANEIRO;RIO DE JANEIRO;SANTA CRUZ;RUA;RUA FERNANDA;407;LOJA;23515121;;2131578296;;;;;;;;;;;;;;;
77024057;AUTO CENTER POSTO MASCARENHAS;;1;Brasil;;;;;;;;;;;;;;;;;;;;;;;;;
77024081;BENE (DO CHURRASQUINHO );;1;Brasil;;;;;;;;;;;;;;;;;;;;;;;;;
77024059;AUTO CENTER SANTA CRUZ   ( JET POINT );;0;Brasil;;;;;;;;;;;;;;;;;;;;;;;;;
77024061;AUTO CENTER TREVO DE MERITI LTDA;;1;Brasil;;;;;;;;;;;;;;;;;;;;;;;;;
77024062;AUTO CENTER VALVERDE LTDA - ME;;1;Brasil;;;;;;;;;;;;;;;;;;;;;;;;;
77024064;AUTO FORT STª CRUZ;;1;Brasil;;;;;;;;;;;;;;;;;;;;;;;;;
00000003;AUTO CENTER SÃO JENUARIO;MGVSERVISOS;0;Brasil;RIO DE JANEIRO;RIO DE JANEIRO;SÃO CRISTOVÃO;RUA;SÃO JENUARIO/VASCO DA GAMA;817;;20921004;;2122630098;;;;;;;;;;;;;;;
77024068;AUTOMOVIA NEGÓCIOS;;1;Brasil;;;;;;;;;;;;;;;;;;;;;;;;;
77024069;AUTO PEÇAS JAF DE PACIENCIA;;1;Brasil;;;;;;;;;;;;;;;;;;;;;;;;;
77024071;AUTO SPAZIO;;1;Brasil;;;;;;;;;;;;;;;;;;;;;;;;;
77024072;AUTOTEC COMERCIO DE PEÇAS E ACESSÓRIO LTDA;;1;Brasil;;;;;;;;;;;;;;;;;;;;;;;;;
77024073;AUTO VIA SANTA CRUZ;;1;Brasil;;;;;;;;;;;;;;;;;;;;;;;;;
77024074;AVANTE AUTO CENTER;;1;Brasil;;;;;;;;;;;;;;;;;;;;;;;;;
77024070;AUTO PNEUS ALBANEZ LTDA ME;;1;Brasil;RIO DE JANEIRO;RIO DE JANEIRO;ROCHA MIRANDA;AVENIDA;AVENIDA DOS ITALIANOS;832;AVENIDA;21510101;;;;;;;;;;;;;;;;;
77024079;BELÉM (AMIGO DO PAULISTA);;1;Brasil;;;;;;;;;;;;;;;;;;;;;;;;;
77024080;BELOCAR SILENCIOSOS LTDA;;1;Brasil;;;;;;;;;;;;;;;;;;;;;;;;;
77024082;bernard;;1;Brasil;;;;;;;;;;;;;;;;;;;;;;;;;
77024083;Bernard lider;;1;Brasil;;;;;;;;;;;;;;;;;;;;;;;;;
77024084;BETO BONSUCESSO;;1;Brasil;;;;;;;;;;;;;;;;;;;;;;;;;
77024085;BETO MAGARÇA;;1;Brasil;;;;;;;;;;;;;;;;;;;;;;;;;
77024155;CASTELO BRANCO 03;;1;Brasil;;;;;;;;;;;;;;;;;;;;;;;;;
77024086;BFG RODAS E PNEUS LTDA;;1;Brasil;RIO DE JANEIRO;BELFORD ROXO;LOTE 15;AVENIDA;JOAQUIM DA COSTA LIMA;0;AVENIDA;26130000;;;;;;;;;;;;;;;;;
77024087;B & H LIMA CENTRO AUTOMOTIVO LTDA;;1;Brasil;;;;;;;;;;;;;;;;;;;;;;;;;
77024156;CATIA RAQUEL DA SILVA COMERCIO E SERVIÇOS PNEUMATICOS E CAMARA;;1;Brasil;;;;;;;;;;;;;;;;;;;;;;;;;
77024088;BILLY;;1;Brasil;;;;;;;;;;;;;;;;;;;;;;;;;
77024089;BOA ES;;1;Brasil;;;;;;;;;;;;;;;;;;;;;;;;;
77024090;BORRA;;1;Brasil;;;;;;;;;;;;;;;;;;;;;;;;;
77024093;BORRACHARIA BEIJA FLOR LTDA;;1;Brasil;;;;;;;;;;;;;;;;;;;;;;;;;
77024094;BORRACHARIA BONANÇA;;1;Brasil;;;;;;;;;;;;;;;;;;;;;;;;;
77024095;BORRACHARIA BOX 1000 LTDA;;1;Brasil;;;;;;;;;;;;;;;;;;;;;;;;;
77024099;BORRACHARIA DEMARTINI;;1;Brasil;;;;;;;;;;;;;;;;;;;;;;;;;
77024157;CAVALIERI CENTRO AUTOMOTIVO LTDA ME;;1;Brasil;;;;;;;;;;;;;;;;;;;;;;;;;
77024100;BORRACHARIA DEMARTINI LTDA - ME;;1;Brasil;;;;;;;;;;;;;;;;;;;;;;;;;
77024101;BORRACHARIA DIGÃO  ( THIANA );;1;Brasil;;;;;;;;;;;;;;;;;;;;;;;;;
77024102;BORRACHARIA DO LULA;;1;Brasil;;;;;;;;;;;;;;;;;;;;;;;;;
77024103;BORRACHARIA DO MAX ( MAXWEL MARQUES DE RAMOS );;1;Brasil;;;;;;;;;;;;;;;;;;;;;;;;;
77024104;BORRACHARIA DO VALE LTDA ME;;1;Brasil;;;;;;;;;;;;;;;;;;;;;;;;;
77024106;BORRACHARIA K&C ( Esy );;1;Brasil;;;;;;;;;;;;;;;;;;;;;;;;;
77024107;BORRACHARIA  K & C  ( MARTINS );;1;Brasil;RIO DE JANEIRO;Duque de Caxias;IMBARIE;Avenida Coronel Sisson;QUADRA 12 LOTE 02 LOJA 02;1092;;25266000;21999840083;;;;;;;;;;;;;;;;
77024108;BORRACHARIA LIDER;;1;Brasil;;;;;;;;;;;;;;;;;;;;;;;;;
77024109;BORRACHARIA MATRIZ;;1;Brasil;;;;;;;;;;;;;;;;;;;;;;;;;
77024110;BORRACHARIA NOSSA  DAS GRAÇAS;;1;Brasil;;;;;;;;;;;;;;;;;;;;;;;;;
77024111;BORRACHARIA RUBINICO;;1;Brasil;;;;;;;;;;;;;;;;;;;;;;;;;
77024112;BORRACHARIA SANTA ISABEL;;1;Brasil;;;;;;;;;;;;;;;;;;;;;;;;;
77024113;BORRACHARIA TINDIBA LTDA - ME;;1;Brasil;;;;;;;;;;;;;;;;;;;;;;;;;
77024114;BORRACHARRIA MVR LTDA ME;;1;Brasil;;;;;;;;;;;;;;;;;;;;;;;;;
77024117;BALEIA PNEUS;;1;Brasil;;;;;;;;;;;;;;;;;;;;;;;;;
77024120;BORR DO VALE;;1;Brasil;;;;;;;;;;;;;;;;;;;;;;;;;
77024176;CHALÉ;;1;Brasil;;;;;;;;;;;;;;;;;;;;;;;;;
77024121;BORR. RIO DOS CAVALEIROS  (CHICO RIO DO OURO);;1;Brasil;;;;;;;;;;;;;;;;;;;;;;;;;
77024122;BOX 1000  (ELYELSON);;1;Brasil;;;;;;;;;;;;;;;;;;;;;;;;;
77024123;BOX 495 AUTO PARK;;1;Brasil;;;;;;;;;;;;;;;;;;;;;;;;;
77024124;BRASIL PNEUS  ( SIMAR );;1;Brasil;;;;;;;;;;;;;;;;;;;;;;;;;
77024125;BR BORRACHARIA  (LEONARDO );;1;Brasil;;;;;;;;;;;;;;;;;;;;;;;;;
77024126;BRUNO  (AMIGO DO PAULISTA);;1;Brasil;;;;;;;;;;;;;;;;;;;;;;;;;
77024127;BRUNO CESAR  ( NOVA DIREÇÃO);;1;Brasil;;;;;;;;;;;;;;;;;;;;;;;;;
77024128;BRUNO DE SOUZA (AMIGO DO DIEGO);;1;Brasil;;;;;;;;;;;;;;;;;;;;;;;;;
77024129;BUIQUE;;1;Brasil;;;;;;;;;;;;;;;;;;;;;;;;;
77024133;CAFUNDÁ;;1;Brasil;RIO DE JANEIRO;RIO DE JANEIRO;Jacarepaguá;ESTRADA;ESTRADA DO CAFUNDÁ;604;LOJA (TANQUE);22730540;;;;;;;;;;;;;;;;;
77024130;BUSTAMANTE  ( BRISA );;1;Brasil;RIO DE JANEIRO;RIO DE JANEIRO;SEPETIBA;ESTRADA;ESTRADA DO PIAÍ;;LOJA;23028051;;;;;;;;;;;;;;;;;
77024134;CAI;;1;Brasil;;;;;;;;;;;;;;;;;;;;;;;;;
77024131;BUSTAMANTE  CENTER;;1;Brasil;RIO DE JANEIRO;RIO DE JANEIRO;CAMPO GRANDE;ESTRADA;ESTRADA DO CAMPINHO;2890;LOJA;23070220;;;;;;;;;;;;;;;;;
77024177;CLAUDEMIR NOGUEIRA;;1;Brasil;;;;;;;;;;;;;;;;;;;;;;;;;
77024140;CARLINHOS AUTO CENTER  (COXINHA);;1;Brasil;;;;;;;;;;;;;;;;;;;;;;;;;
77024162;CELSO  VOUGA;;1;Brasil;;;;;;;;;;;;;;;;;;;;;;;;;
77024141;CARLOS (AMIGO DO PAULISTA);;1;Brasil;;;;;;;;;;;;;;;;;;;;;;;;;
77024142;CARLOS EDUARDO (AMIGO DO DIEGO);;1;Brasil;;;;;;;;;;;;;;;;;;;;;;;;;
77024144;CARLOS ( Levi );;1;Brasil;;;;;;;;;;;;;;;;;;;;;;;;;
77024143;CARLOS HENRIQUE (AMIGO DO PAULISTA);;1;Brasil;;;;;;;;;;;;;;;;;;;;;;;;;
77024178;CLAUDIO (AMIGO DO PAULISTA);;1;Brasil;;;;;;;;;;;;;;;;;;;;;;;;;
77024145;CARLOS OTÁVIO QUERES;;1;Brasil;;;;;;;;;;;;;;;;;;;;;;;;;
77024146;CARLOS PORTA;;1;Brasil;;;;;;;;;;;;;;;;;;;;;;;;;
77024147;CARVALHO REBOQUES;;1;Brasil;;;;;;;;;;;;;;;;;;;;;;;;;
77024148;CASA BOA ESPERANÇA DE PNEUS  LTDA;;1;Brasil;;;;;;;;;;;;;;;;;;;;;;;;;
77024149;CASA DE OLEO;;1;Brasil;;;;;;;;;;;;;;;;;;;;;;;;;
77024179;CLAUDIO COSTA DEOLIVEIRA;;1;Brasil;;;;;;;;;;;;;;;;;;;;;;;;;
77024150;CASA DE OLÉO;;1;Brasil;;;;;;;;;;;;;;;;;;;;;;;;;
77024201;( DIAMANTINO ) AUTO SERVICO FOR DA TAQUARA;;1;Brasil;;;;;;;;;;;;;;;;;;;;;;;;;
77024180;CLAUDIO COSTA DE OLIVEIRA  (RONDON CAR);;1;Brasil;;;;;;;;;;;;;;;;;;;;;;;;;
77024151;CASA GRANDE;;1;Brasil;RIO DE JANEIRO;BELFORD ROXO;PIAM;AVENIDA;AVENIDA RETIRO DA IMPRENSA;1707;LOJA;26112180;;;;;;;;;;;;;;;;;
77024181;CLAUDIO DA ROCHA LIMA  ( KIKO );;1;Brasil;;;;;;;;;;;;;;;;;;;;;;;;;
77024188;C NOGUEIRA;;1;Brasil;;;;;;;;;;;;;;;;;;;;;;;;;
77024152;CASAS DE PEÇAS ACESSORIOS E SOM PUENTEAREAS  LTDA;;1;Brasil;;;;;;;;;;;;;;;;;;;;;;;;;
77024154;CASA TAROUCA DE PNEUS;;1;Brasil;RIO DE JANEIRO;RIO DE JANEIRO;Engenho Novo;RUA;Rua General Belegarde;45;LOJA;20710003;;;;;;;;;;;;;;;;;
77024153;CASA TAROUCA;;0;Brasil;;;;;;;;;;;;;;;;;;;;;;;;;
77024158;CAXIAS AUTO CENTER 2000 LTDA ME;;1;Brasil;;;;;;;;;;;;;;;;;;;;;;;;;
77024159;CAXIAS CAR AUTO CENTER E BORRACHARIA;;1;Brasil;RIO DE JANEIRO;DUQUE DE CAXIAS;VILA SÃO LUIS;RUA;JOSÉ EXPEDICIONÁRIO JOSÉ AMARO;1439;;25065090;;;;;;;;;;;;;;;;;
77024160;C&C BERG'S COM DE PNEUS;;1;Brasil;;;;;;;;;;;;;;;;;;;;;;;;;
77024161;CELSO  PEREIRA DA CUNHA;;1;Brasil;;;;;;;;;;;;;;;;;;;;;;;;;
77024164;CENTRAL PARK;;1;Brasil;;;;;;;;;;;;;;;;;;;;;;;;;
77024165;CENTRO AUTO JORGE LUIZ;;1;Brasil;;;;;;;;;;;;;;;;;;;;;;;;;
77024166;CENTRO AUTOMOTIVO BILL  ( ELENILDO);;1;Brasil;;;;;;;;;;;;;;;;;;;;;;;;;
77024167;CENTRO AUTOMOTIVO CARVALHÃO;;1;Brasil;;;;;;;;;;;;;;;;;;;;;;;;;
77024168;CENTRO AUTOMOTIVO CIPAN;;1;Brasil;;;;;;;;;;;;;;;;;;;;;;;;;
77024170;CENTRO AUTOMOTIVO MONTE CALDAS EIRELI;;1;Brasil;;;;;;;;;;;;;;;;;;;;;;;;;
77024171;CENTRO AUTOMOTIVO PRONT CAR;;1;Brasil;;;;;;;;;;;;;;;;;;;;;;;;;
77024169;CENTRO AUTOMOTIVO MOLAS TIGRE;;1;Brasil;;;;;;;;;;;;;;;;;;;;;;;;;
77024172;CENTRO AUTOMOTIVOS PRONT CAR;;1;Brasil;;;;;;;;;;;;;;;;;;;;;;;;;
77024173;CENTRO GUGU AUTOMOTIVO;;1;Brasil;;;;;;;;;;;;;;;;;;;;;;;;;
77024163;CELSO VOUGA;;1;Brasil;RIO DE JANEIRO;RIO DE JANEIRO;CASCACURA;RUA;ITAMARATI;84;LOJA C/D;21350050;;;;;;;;;;;;;;;;;
77024174;CENTRO MUNDIAL DE SERVIÇOS AUTOMOTIVOS;;1;Brasil;;;;;;;;;;;;;;;;;;;;;;;;;
77024175;CESAR BORRACHEIRO;;1;Brasil;;;;;;;;;;;;;;;;;;;;;;;;;
77024189;COOP AUTO CENTER GNV PEÇAS LTDA;;1;Brasil;;;;;;;;;;;;;;;;;;;;;;;;;
77024182;CLAUDIO DE OLIVEIRA  (RONDON CAR);;1;Brasil;;;;;;;;;;;;;;;;;;;;;;;;;
77024183;CLAUDIO ROBERTO BARRETO;;1;Brasil;;;;;;;;;;;;;;;;;;;;;;;;;
77024184;CL BORRACHARIA  ( VINICIO );;1;Brasil;;;;;;;;;;;;;;;;;;;;;;;;;
77024185;CLEBER;;1;Brasil;;;;;;;;;;;;;;;;;;;;;;;;;
77024186;CLEBER  ( NEI);;1;Brasil;;;;;;;;;;;;;;;;;;;;;;;;;
77024187;CLODOALDO;;1;Brasil;;;;;;;;;;;;;;;;;;;;;;;;;
77024190;CRISTIA;;1;Brasil;;;;;;;;;;;;;;;;;;;;;;;;;
77024191;CRISTIANO DA SILVA VIANNA;;1;Brasil;;;;;;;;;;;;;;;;;;;;;;;;;
77024192;CRISTIANO MMC;;1;Brasil;;;;;;;;;;;;;;;;;;;;;;;;;
77024193;CRISTIANO  SOUZA;;1;Brasil;;;;;;;;;;;;;;;;;;;;;;;;;
77024194;CRISTIANO USADOS;;1;Brasil;;;;;;;;;;;;;;;;;;;;;;;;;
77024195;CRITIANO (SEGURANÇA);;1;Brasil;;;;;;;;;;;;;;;;;;;;;;;;;
77024196;DANIEL;;1;Brasil;;;;;;;;;;;;;;;;;;;;;;;;;
77024197;DANIEL PNEUS;;1;Brasil;;;;;;;;;;;;;;;;;;;;;;;;;
77024202;DIEGO FERNANDES;;1;Brasil;RIO DE JANEIRO;RIO DE JANEIRO;SANTA CRUZ;RUA;RUA ENGENHEIRO GASTÃO RANGEL;1080;LOJA;23550393;;;;;;;;;;;;;;;;;
77024199;DENWIL;;1;Brasil;;;;;;;;;;;;;;;;;;;;;;;;;
77024200;DEXTER PNEUS;;1;Brasil;RIO DE JANEIRO;RIO DE JANEIRO;VILA KOSMOS;AVENIDA;AV MERITI;3415;AVENIDA;21220202;;;;;;;;;;;;;;;;;
77024198;DAYTONA AUTO CENTER;;1;Brasil;RIO DE JANEIRO;RIO DE JANEIRO;PACIÊNCIA;ESTRADA;ESTRADA SANTA EUGÊNIA;410;LOJA;23585430;;;;;;;;;;;;;;;;;
77024205;DIEGO RODRIGO  (BENTO RIBEIRO);;1;Brasil;;;;;;;;;;;;;;;;;;;;;;;;;
77024214;DRIVE DISTRIBUIDORA DE AUTO PEÇAS LTDA ME;;1;Brasil;;;;;;;;;;;;;;;;;;;;;;;;;
77024216;DUARTE BORRACHARIA;;1;Brasil;;;;;;;;;;;;;;;;;;;;;;;;;
77024334;JAIR;;1;Brasil;;;;;;;;;;;;;;;;;;;;;;;;;
77024218;DUTRA CAR AUTO CENTER LTDA;;1;Brasil;;;;;;;;;;;;;;;;;;;;;;;;;
77024220;EDGARD (BANNER);;1;Brasil;;;;;;;;;;;;;;;;;;;;;;;;;
77024217;DUDACAR AUTOCENTER;;1;Brasil;RIO DE JANEIRO;RIO DE JANEIRO;CAMPO GRANDE;ESTRADA;ESTRADA RIO SÃO PAULO;1674;LOJA;23087005;;2133953130;;;;;;;;;;;;;;;
77024221;EDILNILSON;;1;Brasil;;;;;;;;;;;;;;;;;;;;;;;;;
77024223;EDSON ( ARCANJO);;1;Brasil;;;;;;;;;;;;;;;;;;;;;;;;;
77024224;EDSON JORGE RAMOS;;1;Brasil;;;;;;;;;;;;;;;;;;;;;;;;;
77024240;FABIANO FERNANDES;;1;Brasil;;;;;;;;;;;;;;;;;;;;;;;;;
77024233;ELOS DUNAMIS;;1;Brasil;;;;;;;;;;;;;;;;;;;;;;;;;
77024260;FLAVIO ( AMIGO DO PAULISTA );;1;Brasil;;;;;;;;;;;;;;;;;;;;;;;;;
77024263;(GARANTIA) 3 IRMÃOS;;0;Brasil;;;;;;;;;;;;;;;;;;;;;;;;;
77024226;EDUARDO JANUARIO FERREIRA;;1;Brasil;RIO DE JANEIRO;RIO DE JANEIRO;INHAÚMA;RUA;VINTE E QUATRO DE OUTUBRO;67;PRAÇA DE INHAÚMA;21061300;21999840083;;;;;;;;;;;;;;;;
77024227;EDUARDO PORTELA;;1;Brasil;;;;;;;;;;;;;;;;;;;;;;;;;
77024225;EDUARDO AUTO CENTER;;1;Brasil;RIO DE JANEIRO;RIO DE JANEIRO;OSVALDO CRUZ;ESTRADA;HENRIQUE DE MELO;740;LOJA;21340190;;;;;;;;;;;;;;;;;
77024228;EDVALDO (AMIGO DO PAULISTA);;1;Brasil;;;;;;;;;;;;;;;;;;;;;;;;;
77024229;ELIAS BANGU (BAIANO);;1;Brasil;;;;;;;;;;;;;;;;;;;;;;;;;
77024261;FUSCAR PNEUS;;1;Brasil;;;;;;;;;;;;;;;;;;;;;;;;;
77024230;ELIEZER;;1;Brasil;;;;;;;;;;;;;;;;;;;;;;;;;
77024231;ELIO BACALHAU;;1;Brasil;;;;;;;;;;;;;;;;;;;;;;;;;
77024232;ELITE AUTO CENTER EIRELI;;1;Brasil;;;;;;;;;;;;;;;;;;;;;;;;;
77024234;EMPRESA DE TÁXI JOFEVA LTDA;;1;Brasil;;;;;;;;;;;;;;;;;;;;;;;;;
77024235;ENGE CAR AUTO PEÇAS LTDA;;1;Brasil;;;;;;;;;;;;;;;;;;;;;;;;;
77024239;EVELSON ( VANDI );;1;Brasil;;;;;;;;;;;;;;;;;;;;;;;;;
77024236;ESPIRITO SANTO COMERCIO E SERVIÇOS;;1;Brasil;;;;;;;;;;;;;;;;;;;;;;;;;
77024237;esti;;1;Brasil;;;;;;;;;;;;;;;;;;;;;;;;;
77024238;EU E  DEUS COMERCIO DE PNEUS (MARLO);;1;Brasil;;;;;;;;;;;;;;;;;;;;;;;;;
77024241;FABINHO AUTO ELETRICA;;1;Brasil;RIO DE JANEIRO;RIO DE JANEIRO;ABOLIÇÃO;RUA;Basílio Da Gama;53;AUTO PEÇAS;20750030;;;;;;;;;;;;;;;;;
77024243;FABIO ALEXANDRE;;1;Brasil;;;;;;;;;;;;;;;;;;;;;;;;;
77024244;FABIO ALEXANDRE NOGUEIRA DOS SANTOS;;1;Brasil;;;;;;;;;;;;;;;;;;;;;;;;;
77024245;FABIO ( AMIGO DA VIVIANE);;1;Brasil;;;;;;;;;;;;;;;;;;;;;;;;;
77024246;FABIO BITENCURT;;1;Brasil;;;;;;;;;;;;;;;;;;;;;;;;;
77024247;FABIO LOPES DE ASSIS;;1;Brasil;;;;;;;;;;;;;;;;;;;;;;;;;
77024248;FABIO TAXI (AMIGODA VIVI);;1;Brasil;;;;;;;;;;;;;;;;;;;;;;;;;
77024249;FAVINHO RODAS;;1;Brasil;;;;;;;;;;;;;;;;;;;;;;;;;
77024250;FAVORITA AUTO PEÇAS LTDA;;1;Brasil;;;;;;;;;;;;;;;;;;;;;;;;;
77024251;FEIO BORRACHARIA LTDA;;1;Brasil;;;;;;;;;;;;;;;;;;;;;;;;;
77024359;JONATHAN AMORIM;;1;Brasil;;;;;;;;;;;;;;;;;;;;;;;;;
77024360;JORGE AMIGO;;1;Brasil;;;;;;;;;;;;;;;;;;;;;;;;;
77024361;JORGE LUIS;;1;Brasil;;;;;;;;;;;;;;;;;;;;;;;;;
77024252;FELIPE;;1;Brasil;;;;;;;;;;;;;;;;;;;;;;;;;
77024253;FELIPE MADEIRA;;1;Brasil;;;;;;;;;;;;;;;;;;;;;;;;;
77024254;FELIPE PIRES GARCIA;;1;Brasil;;;;;;;;;;;;;;;;;;;;;;;;;
77024255;FELIPE RODRIGUES LIMA  ( NEW CAR );;1;Brasil;;;;;;;;;;;;;;;;;;;;;;;;;
77024256;FERMANDO CAXAMBI;;1;Brasil;;;;;;;;;;;;;;;;;;;;;;;;;
77024257;FERNANDO CAXAMBI;;1;Brasil;;;;;;;;;;;;;;;;;;;;;;;;;
77024258;FERNANDO DA FONTE PIMENTEL ME;;1;Brasil;;;;;;;;;;;;;;;;;;;;;;;;;
77024259;FLAVINHO RODAS;;1;Brasil;;;;;;;;;;;;;;;;;;;;;;;;;
77024262;FW BROTHER;;1;Brasil;RIO DE JANEIRO;DUQUE DE CAXIAS;PARQUE LAFAIETE;AVENIDA;AVENIDA NILO PEÇANHA;1191;LOJA;25015000;;;;;;;;;;;;;;;;;
77024268;(GARANTIA) CAXIAS CAR;;0;Brasil;;;;;;;;;;;;;;;;;;;;;;;;;
77024269;(GARANTIA) CELSO VOUGA;;0;Brasil;;;;;;;;;;;;;;;;;;;;;;;;;
77024272;(GARANTIA) FW BROTHER;;1;Brasil;;;;;;;;;;;;;;;;;;;;;;;;;
77024273;(GARANTIA) JKM BORRACHARIA;;1;Brasil;;;;;;;;;;;;;;;;;;;;;;;;;
77024270;(GARANTIA) CLAUDIO DA ROCHA LIMA;;0;Brasil;;;;;;;;;;;;;;;;;;;;;;;;;
77024271;(GARANTIA) FABINHO AUTO PEÇAS;;0;Brasil;;;;;;;;;;;;;;;;;;;;;;;;;
77024288;(GARANTIA) PRO-CARROS;;1;Brasil;;;;;;;;;;;;;;;;;;;;;;;;;
77024275;(GARANTIA) JSM AUTO CENTER;;1;Brasil;;;;;;;;;;;;;;;;;;;;;;;;;
77024276;(GARANTIA) LJR AUTO CENTER;;1;Brasil;;;;;;;;;;;;;;;;;;;;;;;;;
77024277;(GARANTIA) LONGA VIDA AUTO CENTER;;1;Brasil;;;;;;;;;;;;;;;;;;;;;;;;;
77024278;(GARANTIA) MAIA AUTO CENTER;;1;Brasil;;;;;;;;;;;;;;;;;;;;;;;;;
77024279;(GARANTIA) ME GOMES AUTO CENTER;;1;Brasil;;;;;;;;;;;;;;;;;;;;;;;;;
77024274;(GARANTIA) JOMANO VICENTE DE CARVALHO;;1;Brasil;;;;;;;;;;;;;;;;;;;;;;;;;
77024280;(GARANTIA) MOLAS TIGRE AUTO CENTER;;1;Brasil;;;;;;;;;;;;;;;;;;;;;;;;;
77024281;(GARANTIA) MORIÁ AUTO MECANICA;;1;Brasil;;;;;;;;;;;;;;;;;;;;;;;;;
77024282;(GARANTIA) MVR BORRACHARIA;;1;Brasil;;;;;;;;;;;;;;;;;;;;;;;;;
77024283;(GARANTIA) NJ MOLAS TIGRE;;1;Brasil;;;;;;;;;;;;;;;;;;;;;;;;;
77024287;(GARANTIA) PNEUS SAMPA AUTO CENTER;;1;Brasil;;;;;;;;;;;;;;;;;;;;;;;;;
77024286;(GARANTIA) PNEUS EDUARDO;;0;Brasil;;;;;;;;;;;;;;;;;;;;;;;;;
77024285;PAULO NILOPOLIS;;1;Brasil;;;;;;;;;;;;;;;;;;;;;;;;;
77024289;(GARANTIA) RATINHO PNEUS;;1;Brasil;;;;;;;;;;;;;;;;;;;;;;;;;
77024290;(GARANTIA) REVOLUTION BATERIA;;1;Brasil;;;;;;;;;;;;;;;;;;;;;;;;;
77024303;GIAN (MEGA FORTE);;1;Brasil;;;;;;;;;;;;;;;;;;;;;;;;;
77024291;(GARANTIA)REVOLUTION BATERIA;;1;Brasil;;;;;;;;;;;;;;;;;;;;;;;;;
77024292;(GARANTIA) RICAR AUTO CENTER;;1;Brasil;;;;;;;;;;;;;;;;;;;;;;;;;
77024304;GILBERTO BORRACHARIA;;1;Brasil;;;;;;;;;;;;;;;;;;;;;;;;;
77024293;(GARANTIA) RONCAUTO AUTO CENTER;;1;Brasil;;;;;;;;;;;;;;;;;;;;;;;;;
77024294;(GARANTIA) RR OLIVEIRA;;1;Brasil;;;;;;;;;;;;;;;;;;;;;;;;;
77024295;(GARANTIA) THIAGO RODAS;;1;Brasil;;;;;;;;;;;;;;;;;;;;;;;;;
77024296;(GARANTIA) VENTURA (DUTRA);;0;Brasil;;;;;;;;;;;;;;;;;;;;;;;;;
77024300;GERAÇÃO EM GERAÇÃO PEÇAS;;1;Brasil;;;;;;;;;;;;;;;;;;;;;;;;;
77024301;GERSON (SIMAR);;1;Brasil;;;;;;;;;;;;;;;;;;;;;;;;;
77024302;GIAN CARLOS CUNHA;;1;Brasil;;;;;;;;;;;;;;;;;;;;;;;;;
77024309;GORDINHO DE ITAGUAÍ;;1;Brasil;;;;;;;;;;;;;;;;;;;;;;;;;
77024305;GIL CAR;;1;Brasil;;;;;;;;;;;;;;;;;;;;;;;;;
77024306;GILMAR TEIXEIRA;;1;Brasil;;;;;;;;;;;;;;;;;;;;;;;;;
77024307;GOLD CAR;;1;Brasil;RIO DE JANEIRO;NOVA IGUAÇU;CENTRO;RUA;RUA CORONEL FRANCISCO SOARES;882;GALPÃO;26216032;;;;;;;;;;;;;;;;;
77024308;GONÇALVES;;1;Brasil;;;;;;;;;;;;;;;;;;;;;;;;;
77024310;GUIPA CENTRO ATOMOTIVO;;1;Brasil;;;;;;;;;;;;;;;;;;;;;;;;;
77024311;HARRISON ( PAULISTA );;1;Brasil;;;;;;;;;;;;;;;;;;;;;;;;;
77024315;HL PRODUTOS E SERVIÇOS AUTOMOTIVOS EIRELI;;1;Brasil;RIO D JANEIRO;RIO DE JANEIRO;Jacarepaguá;ESTRADA;ESTRADA DO TINDIBA;800;LOJA (TAQUARA);22740360;;;;;;;;;;;;;;;;;
77024312;HELIO BORRACHEIRO;;1;Brasil;;;;;;;;;;;;;;;;;;;;;;;;;
77024322;IMPACTO ( C. GRANDE);;1;Brasil;;;;;;;;;;;;;;;;;;;;;;;;;
77024313;H F CARDOSO (HALENDE);;1;Brasil;RIO DE JANEIRO;NOVA IGUAÇU;TRÊS CORAÇÕES;ESTRADA;ADRIANOPOLIS;160;;26041270;;;;;;;;;;;;;;;;;
77024318;icio;;1;Brasil;;;;;;;;;;;;;;;;;;;;;;;;;
77024319;IEIO PNEUS;;1;Brasil;;;;;;;;;;;;;;;;;;;;;;;;;
77024321;IGOR LIMA DE FREITAS;;1;Brasil;;;;;;;;;;;;;;;;;;;;;;;;;
77024320;EXPRESSO PNEUS RJ - SEPETIBA;EXPRESSO PNEUS - SEPETIBA;1;Brasil;RIO DE JANEIRO;RIO DE JANEIRO;SEPETIBA;LOJA;ESTRADA DE SEPETIBA;4608;IGOR BORRACHEIRO;23545003;;;;;;;;;;;;;;;;;
77024328;ISAIAS ( VIZINHO);;1;Brasil;;;;;;;;;;;;;;;;;;;;;;;;;
77024330;J. A. BORRACHEIRO;;1;Brasil;;;;;;;;;;;;;;;;;;;;;;;;;
77024331;JAD VEÍCULOS LTDA;;1;Brasil;;;;;;;;;;;;;;;;;;;;;;;;;
77024332;JAILSON (AMIGO DO PAULISTA );;1;Brasil;;;;;;;;;;;;;;;;;;;;;;;;;
77024333;JAILSON SEROPÉDICA  (J SANTOS JUNOR);;1;Brasil;;;;;;;;;;;;;;;;;;;;;;;;;
77024335;JANILDO  ( CASA DE OLEO);;1;Brasil;;;;;;;;;;;;;;;;;;;;;;;;;
77024338;JEAN ( DIEGO AUTORIZOU);;1;Brasil;;;;;;;;;;;;;;;;;;;;;;;;;
77024339;JEFERSON  ( DIEGO AUTORIZOU);;1;Brasil;;;;;;;;;;;;;;;;;;;;;;;;;
77024340;JEFFERSON DA ABATERJ;;1;Brasil;;;;;;;;;;;;;;;;;;;;;;;;;
77024341;JEOVÁ RODRIGUES MARTINS;;1;Brasil;;;;;;;;;;;;;;;;;;;;;;;;;
77024342;JFPB COMERCIO;;1;Brasil;;;;;;;;;;;;;;;;;;;;;;;;;
77024343;JFPB COMERCIO DE BEBIDAS;;1;Brasil;;;;;;;;;;;;;;;;;;;;;;;;;
77024344;J GOMES MEGA BORRACHARIA;;1;Brasil;;;;;;;;;;;;;;;;;;;;;;;;;
77024350;JKM COMERCIO DE PNEUS LTDA;;1;Brasil;RIO DE JANEIRO;RIO DE JANEIRO;OSVALDO CRUZ;RUA;CATAGUAZES;19;LOJA A/B;21340250;;;;;;;;;;;;;;;;;
77024346;JHONY;;1;Brasil;;;;;;;;;;;;;;;;;;;;;;;;;
77024347;JHR COMERCIO E SERVIÇOS  (CELSO);;1;Brasil;;;;;;;;;;;;;;;;;;;;;;;;;
77024345;JHONATAN (Mariano) Rei Dos Pneus;;1;Brasil;;;;;;;;;;;;;;;;;;;;;;;;;
77024348;JJM  PRIMAVERA;;1;Brasil;RIO DE JANEIRO;DUQUE DE CAXIAS;JARDIM PRIMAVERA;RUA;JORNALISTA MOACYR PADILHA;175;LOJA;25215250;;;;;;;;;;;;;;;;;
77024349;JJM  VILA;;1;Brasil;RIO DE JANEIRO;DUQUE DE CAXIAS;VILA SÃO LUIS;RUA;JOSÉ EXPEDICIONÁRIO JOSÉ AMARO;639;;25065090;;;;;;;;;;;;;;;;;
77024352;JM PNEUS KM 32  ( LUIZINHO);;1;Brasil;;;;;;;;;;;;;;;;;;;;;;;;;
77024353;JOAQUIM ALVES MARTINS FILHO;;1;Brasil;;;;;;;;;;;;;;;;;;;;;;;;;
77024355;JOG AUTO CENTER;;1;Brasil;;;;;;;;;;;;;;;;;;;;;;;;;
77024357;JOMANO VICENTE;;1;Brasil;;;;;;;;;;;;;;;;;;;;;;;;;
77024358;JOMANO ( VICENTE);;1;Brasil;;;;;;;;;;;;;;;;;;;;;;;;;
77024356;JOMANO CVICENTE;;1;Brasil;;;;;;;;;;;;;;;;;;;;;;;;;
77024362;JORGE LUIS  ( MAGÉ );;1;Brasil;;;;;;;;;;;;;;;;;;;;;;;;;
77024363;JORGE ( VIZINHO);;1;Brasil;;;;;;;;;;;;;;;;;;;;;;;;;
77024364;JOSÉ AIRTON;;1;Brasil;;;;;;;;;;;;;;;;;;;;;;;;;
77024365;JOSÉ CARLOS;;1;Brasil;;;;;;;;;;;;;;;;;;;;;;;;;
77024367;JOSÉ  LUIZ DE SOUZA;;1;Brasil;;;;;;;;;;;;;;;;;;;;;;;;;
77024368;JOSÉ PAULO GOMES;;1;Brasil;;;;;;;;;;;;;;;;;;;;;;;;;
77024369;JOSÉ ROBERTO FERREIRA DA SILVA (BETO PENHA );;1;Brasil;;;;;;;;;;;;;;;;;;;;;;;;;
77024370;JOSUE;;1;Brasil;;;;;;;;;;;;;;;;;;;;;;;;;
77024371;JOVISAL;;1;Brasil;;;;;;;;;;;;;;;;;;;;;;;;;
77024372;JRA RIO AUTO;;1;Brasil;;;;;;;;;;;;;;;;;;;;;;;;;
77024375;JULIO (AMIGO DO PAULISTA);;1;Brasil;;;;;;;;;;;;;;;;;;;;;;;;;
77024376;JULIO E JOEL;;1;Brasil;;;;;;;;;;;;;;;;;;;;;;;;;
77024378;JUNIOR ( AMIGO PAULISTA );;1;Brasil;;;;;;;;;;;;;;;;;;;;;;;;;
77024388;LCJ    (COSTA RICA);;1;Brasil;;;;;;;;;;;;;;;;;;;;;;;;;
77024389;LCJ    (PAVUNA);;1;Brasil;;;;;;;;;;;;;;;;;;;;;;;;;
77024379;KAIO AUTO CENTER;;1;Brasil;;;;;;;;;;;;;;;;;;;;;;;;;
77024380;KAIROS MOTO PEÇAS E BORRACHARIA;;1;Brasil;;;;;;;;;;;;;;;;;;;;;;;;;
77024381;KAUAI CAR AUTO;;1;Brasil;;;;;;;;;;;;;;;;;;;;;;;;;
77024392;LEANDRO AMIGO DO DIEGO;;1;Brasil;;;;;;;;;;;;;;;;;;;;;;;;;
77024393;LEANDRO CAVALLIERI;;1;Brasil;;;;;;;;;;;;;;;;;;;;;;;;;
77024394;LEANDRO MALHEIROS;;1;Brasil;;;;;;;;;;;;;;;;;;;;;;;;;
77024399;LEONARDO BETCHER ( LEVI );;1;Brasil;;;;;;;;;;;;;;;;;;;;;;;;;
77024400;LEONARDO DA SILVA RIBEIRO;;1;Brasil;;;;;;;;;;;;;;;;;;;;;;;;;
77024401;LEONARDO THURLER;;1;Brasil;;;;;;;;;;;;;;;;;;;;;;;;;
77024402;LEONARDO TORRES PEREIRA;;1;Brasil;;;;;;;;;;;;;;;;;;;;;;;;;
77024403;LIVIA  -  AUTOBOT PNEUS E SUSPENSÃO;;1;Brasil;RIO DE JANEIRO;SÃO JOÃO DE MERITI;CENTRO;RUA;RUA FRANCISCO DANTAS;152;LOJA;25525030;21988628244;;;;;;;;;;;;;;;;
77024405;L&M  PNEUS;;1;Brasil;;;;;;;;;;;;;;;;;;;;;;;;;
77024406;LOJAO DOS PNEUS;;1;Brasil;;;;;;;;;;;;;;;;;;;;;;;;;
77024407;LONGA VIDA PNEUS;;1;Brasil;;;;;;;;;;;;;;;;;;;;;;;;;
77024408;LUCAS;;1;Brasil;;;;;;;;;;;;;;;;;;;;;;;;;
77024409;LUCAS (BACALHAU);;1;Brasil;;;;;;;;;;;;;;;;;;;;;;;;;
77024410;LUCAS DOMINGUES TERRA;;1;Brasil;;;;;;;;;;;;;;;;;;;;;;;;;
77024411;LUCAS MACAÉ;;1;Brasil;;;;;;;;;;;;;;;;;;;;;;;;;
77024412;LUCAS NUNES DE OLIVEIRA;;1;Brasil;;;;;;;;;;;;;;;;;;;;;;;;;
77024404;LJR VEICULOS;;1;Brasil;RIO DE JANEIRO;RIO DE JANEIRO;OSWALDO CRUZ;ESTRADA;INTENDENTE MAGALHÃES;684;- de 403 ao fim - lado ímpar;21330790;;;;;;;;;;;;;;;;;
77024413;LUIS BEXIGA;;1;Brasil;;;;;;;;;;;;;;;;;;;;;;;;;
77024414;LUIZ CASTRO;;1;Brasil;;;;;;;;;;;;;;;;;;;;;;;;;
77024418;LUIZ FERNANDO (AMIGO DO PAULISTA);;1;Brasil;;;;;;;;;;;;;;;;;;;;;;;;;
77024419;LZ COMERCIO DE PNEUS  (LEVI);;1;Brasil;;;;;;;;;;;;;;;;;;;;;;;;;
77024420;MAANAIM GÊNEIS CENTRO AUTOMOTIVO;;1;Brasil;;;;;;;;;;;;;;;;;;;;;;;;;
77024422;MAGAIVER;;1;Brasil;;;;;;;;;;;;;;;;;;;;;;;;;
77024423;MAGNO PEREIRA DE LIMA;;1;Brasil;;;;;;;;;;;;;;;;;;;;;;;;;
77024424;MAGNO (SIMAR);;1;Brasil;;;;;;;;;;;;;;;;;;;;;;;;;
77024421;MAGAIVE (AMIGO DO MARLON );;0;Brasil;;;;;;;;;;;;;;;;;;;;;;;;;
77024425;MAIA SERVIÇOS;;1;Brasil;;;;;;;;;;;;;;;;;;;;;;;;;
77024426;MAICON  ( AMIGO DO DAVISON);;1;Brasil;;;;;;;;;;;;;;;;;;;;;;;;;
77024428;MARCELO DA COSTA PEREIRA;;1;Brasil;;;;;;;;;;;;;;;;;;;;;;;;;
77024429;MARCIO DA GRAFICA;;1;Brasil;;;;;;;;;;;;;;;;;;;;;;;;;
77024427;M ARAUJO PNEUS;;1;Brasil;;;;;;;;;;;;;;;;;;;;;;;;;
77024430;MARCO BARBOSA;;1;Brasil;;;;;;;;;;;;;;;;;;;;;;;;;
77024431;MARCOS 5 BOCAS;;1;Brasil;;;;;;;;;;;;;;;;;;;;;;;;;
77024432;MARCOS  AURELIO;;1;Brasil;;;;;;;;;;;;;;;;;;;;;;;;;
77024433;MARCOS (CESARINHO);;1;Brasil;;;;;;;;;;;;;;;;;;;;;;;;;
77024434;MARCOS DA SILVA RAMOS  (MARCOS MARICÁ);;1;Brasil;;;;;;;;;;;;;;;;;;;;;;;;;
77024435;MARCOS JACARÉ;;1;Brasil;;;;;;;;;;;;;;;;;;;;;;;;;
77024436;MARCOS ROBERTO (V8 MOTOS);;1;Brasil;;;;;;;;;;;;;;;;;;;;;;;;;
77024438;MARILEZ (VIZINHA);;1;Brasil;;;;;;;;;;;;;;;;;;;;;;;;;
77024439;MARIO PINA  (AMIGO DO MARLON);;1;Brasil;;;;;;;;;;;;;;;;;;;;;;;;;
77024440;MARLON;;0;Brasil;;;;;;;;;;;;;;;;;;;;;;;;;
77024441;MARLON WAGNER DE ARAUJO SOUZA;;1;Brasil;;;;;;;;;;;;;;;;;;;;;;;;;
77024452;MENOR;;0;Brasil;;;;;;;;;;;;;;;;;;;;;;;;;
77024445;MATHEUS MOREIRA  (POINT DOS ACESSÓRIOS);;1;Brasil;;;;;;;;;;;;;;;;;;;;;;;;;
77024448;MECÂNICA  MORIÁ;MECÂNICA  MORIÁ;1;Brasil;RIO DE JANEIRO;PACIÊNCIA;PACIÊNCIA;AVENIDA;AVENIDA CESÁRIO;11617;LOJA;23585125;21970401581;;;;;;;;;;;;;;;;
77024446;MAURO ILHA;;1;Brasil;;;;;;;;;;;;;;;;;;;;;;;;;
77024460;MINEIRO STA. CRUZ;;1;Brasil;;;;;;;;;;;;;;;;;;;;;;;;;
77024444;MATEUS MOREIRA BERRIEL;;1;Brasil;RIO DE JANEIRO;QUEIMADOS;VILA NASCENTE;RUA;RUA VEREADOR MARINHO HEMETERIO OLIVEIRA;;AUTO PEÇAS;26323296;;;;;;;;;;;;;;;;;
77024447;MAZINHO (AMIGO DO PAULISTA);;1;Brasil;;;;;;;;;;;;;;;;;;;;;;;;;
77024449;ME GOMES INJEÇÃO;;1;Brasil;;;;;;;;;;;;;;;;;;;;;;;;;
77024451;MENDES ( AMIGO DO PAULISTA);;1;Brasil;;;;;;;;;;;;;;;;;;;;;;;;;
77024455;MICHEL (PRIMO DO DIEGO);;1;Brasil;;;;;;;;;;;;;;;;;;;;;;;;;
77024450;MEIRA SUSPENSÃO COMERCIO DE PEÇAS;;1;Brasil;Rio de Janeiro;RIO DE JANEIRO;INHAÚMA;Avenida;Avenida Itaoca1092;2914;LOJA;21815072;21999840083;;;;;;;;;;;;;;;;
77024456;MICHEL ( REDENÇÃO);;1;Brasil;;;;;;;;;;;;;;;;;;;;;;;;;
77024457;MIGUEL LANGA;;1;Brasil;;;;;;;;;;;;;;;;;;;;;;;;;
77024458;MIGUEL MOTO PEÇAS;;1;Brasil;;;;;;;;;;;;;;;;;;;;;;;;;
77024459;MIGUEL NGA;;1;Brasil;;;;;;;;;;;;;;;;;;;;;;;;;
77024461;MINHA BORRACHARIA;;1;Brasil;;;;;;;;;;;;;;;;;;;;;;;;;
77024462;Mino;;1;Brasil;;;;;;;;;;;;;;;;;;;;;;;;;
77024466;MOLAS TIGRE;;0;Brasil;;;;;;;;;;;;;;;;;;;;;;;;;
77024463;MKM AUTO PEÇAS;;1;Brasil;;;;;;;;;;;;;;;;;;;;;;;;;
77024465;MODIFICAR;;1;Brasil;;;;;;;;;;;;;;;;;;;;;;;;;
77024464;ML FIGUEREDO AUTO CENTER;;1;Brasil;;;;;;;;;;;;;;;;;;;;;;;;;
77024467;MONIQUE  RUFINA;;1;Brasil;;;;;;;;;;;;;;;;;;;;;;;;;
77024472;NASCIMENTO (AMIGO DO PAULISTA);;1;Brasil;;;;;;;;;;;;;;;;;;;;;;;;;
77024473;NEILO;;1;Brasil;;;;;;;;;;;;;;;;;;;;;;;;;
77024474;NELIO OLIVEIRA FERNANDES;;1;Brasil;;;;;;;;;;;;;;;;;;;;;;;;;
77024475;NEWTON BORRACHEIRO LTDA;;1;Brasil;;;;;;;;;;;;;;;;;;;;;;;;;
77024476;NILTON PNEUS;;1;Brasil;;;;;;;;;;;;;;;;;;;;;;;;;
77024485;O BORRACHÃO COMÉRCIO DE ARTEFATOS DE BORRACHA LTDA;;1;Brasil;;;;;;;;;;;;;;;;;;;;;;;;;
77024478;N & N MAQUINA SERVIÇOS DE BORRACHARIA;;1;Brasil;;;;;;;;;;;;;;;;;;;;;;;;;
77024479;NOSCAR;;1;Brasil;;;;;;;;;;;;;;;;;;;;;;;;;
77024480;NOVA CAMAUP PEÇAS E SERVIÇOS;;1;Brasil;;;;;;;;;;;;;;;;;;;;;;;;;
77024486;OLIVEIRA  ( AMIGO DO PAULISTA);;1;Brasil;;;;;;;;;;;;;;;;;;;;;;;;;
77024481;NOVA IDEAL AUTO CENTER LTDA;NOVA IDEAL AUTO CENTER LTDA;1;Brasil;RIO DE JANEIRO;RIO DE JANEIRO;REALENGO;ESTRADA;ESTRADA DA ÁGUA BRANCA;1550;LOJA;21815072;21999840083;2134628365;;;;;;;;;;;;;;;
77024484;NR SILVA;NR SILVA;1;Brasil;RIO DE JANEIRO;RIO DE JANEIRO;BANGU;AVENIDA;AVENIDA MINISTRO ARY FRANCO;1480;LOJA;21862005;;;;;;;;;;;;;;;;;
77024487;OLIVEIRA (AMIGO DO PAULISTA);;1;Brasil;;;;;;;;;;;;;;;;;;;;;;;;;
77024489;OUTRIO PNEUS;;1;Brasil;;;;;;;;;;;;;;;;;;;;;;;;;
77024523;PS AUTOS;;1;Brasil;;;;;;;;;;;;;;;;;;;;;;;;;
77024490;PADASTRO DO GABRIEL;;1;Brasil;;;;;;;;;;;;;;;;;;;;;;;;;
77024491;PADRÃO AUTO SERVICE;;1;Brasil;;;;;;;;;;;;;;;;;;;;;;;;;
77024494;PARADA AUTOMOTIVA;;1;Brasil;;;;;;;;;;;;;;;;;;;;;;;;;
77024495;PATRICIA;;1;Brasil;;;;;;;;;;;;;;;;;;;;;;;;;
77024492;PARADA 971;;1;Brasil;;;;;;;;;;;;;;;;;;;;;;;;;
77024496;PATRICIA FERNANDES MACHADO;;1;Brasil;;;;;;;;;;;;;;;;;;;;;;;;;
77024497;PAULISTA ( PORTA);;1;Brasil;;;;;;;;;;;;;;;;;;;;;;;;;
77024498;PAULISTA (VIZINHO);;1;Brasil;;;;;;;;;;;;;;;;;;;;;;;;;
77024499;PAULO (AMIGO DO PAULISTA);;1;Brasil;;;;;;;;;;;;;;;;;;;;;;;;;
77024500;PAULO BORRACHARIA   (JOSÉ PAULO GOMES);;1;Brasil;;;;;;;;;;;;;;;;;;;;;;;;;
77024501;PAULO IRAJA;;1;Brasil;;;;;;;;;;;;;;;;;;;;;;;;;
77024502;PAULO ROBERTO  (BEBETO);;1;Brasil;;;;;;;;;;;;;;;;;;;;;;;;;
77024503;PAULO ROBERTO DA SILVA  (PAULINHO ILHA);;1;Brasil;;;;;;;;;;;;;;;;;;;;;;;;;
77024504;PEDRO NOGUEIRA;;1;Brasil;;;;;;;;;;;;;;;;;;;;;;;;;
77024505;PENA FIEL;;1;Brasil;;;;;;;;;;;;;;;;;;;;;;;;;
77024506;PENIEL   ( LUIZ CARLOS );;1;Brasil;;;;;;;;;;;;;;;;;;;;;;;;;
77024508;PEPITO AUTOMOTIVOS;;1;Brasil;;;;;;;;;;;;;;;;;;;;;;;;;
77024509;PGV;;1;Brasil;;;;;;;;;;;;;;;;;;;;;;;;;
77024507;PENTA CAR VEÍCULOS;;1;Brasil;;;;;;;;;;;;;;;;;;;;;;;;;
77024510;PINGO D'OURO;;1;Brasil;;;;;;;;;;;;;;;;;;;;;;;;;
77024511;PJA;;1;Brasil;;;;;;;;;;;;;;;;;;;;;;;;;
77024512;PLATAFORMA;;1;Brasil;RIO DE JANEIRO;SÃO JOÃO DE MERITI;VILAR DOS TELES;RUA;ITACARÉ;22;;25555201;;;;;;;;;;;;;;;;;
77024513;PM (AMIGO DO PAULISTA);;1;Brasil;;;;;;;;;;;;;;;;;;;;;;;;;
77024526;PVG AUTO  ( PARRIMI) );;1;Brasil;;;;;;;;;;;;;;;;;;;;;;;;;
77024514;PNEU SAMPA;;0;Brasil;;;;;;;;;;;;;;;;;;;;;;;;;
77024515;PNEUS EDUARDO E ACESSORIOS LTDA ME;;1;Brasil;RIO DE JANEIRO;RIO DE JANEIRO;RAMOS;RUA;Rua Barreiros;265;LOJA;21031752;;;;;;;;;;;;;;;;;
77024518;PORTA  (REMOLD);;1;Brasil;;;;;;;;;;;;;;;;;;;;;;;;;
77024519;PORTA  (usados);;1;Brasil;;;;;;;;;;;;;;;;;;;;;;;;;
77024516;PNEUS SAMPA CENTRO AUTOMOTIVO;;1;Brasil;RIO DE JANEIRO;SÃO JOÃO DE MERITI;VILAR DOS TELES;AVENIDA;AUTOMOVEL CLUBE;1583;AVENIDA;25561170;;;;;;;;;;;;;;;;;
77024527;P W;;1;Brasil;;;;;;;;;;;;;;;;;;;;;;;;;
77024520;PORTUGAS;;1;Brasil;;;;;;;;;;;;;;;;;;;;;;;;;
77024521;PROCARRO AUTO CENTER;;1;Brasil;;;;;;;;;;;;;;;;;;;;;;;;;
77024531;RAFAEL CIVIL  (AMIGO DO PAULISTA);;1;Brasil;;;;;;;;;;;;;;;;;;;;;;;;;
77024528;PW PNEUS;;1;Brasil;;;;;;;;;;;;;;;;;;;;;;;;;
77024525;PVG AUTO  ( PARRINI );;1;Brasil;RIO DE JANEIRO;DUQUE DE CAXIAS;JARDIM VINTE E CINCO DE AGOSTO;RUA;MAJOR CORREA DE MELO;258;;25075010;;;;;;;;;;;;;;;;;
77024524;PS AUTOS  (PAULINHO ILHA);;1;Brasil;RIO DE JANEIRO;RIO DE JANEIRO;ILHA DO GOVERNADOR;ESTRADAS;Estrada das Canárias;734;LETRA C (GALEÃO);21941480;;;;;;;;;;;;;;;;;
77024537;REMAN PNEUS;;1;Brasil;RIO DE JANEIRO;SÃO GONÇALO;VARZEA DAS MOÇAS;RODOVIA;RODOVIA AMARAL PEIXOTO KM 9,5;;LOJA;24753560;;;;;;;;;;;;;;;;;
77024536;REMAM;;1;Brasil;;;;;;;;;;;;;;;;;;;;;;;;;
77024532;RATINHO;;1;Brasil;;;;;;;;;;;;;;;;;;;;;;;;;
77024533;RATINHO BORRACHARIA;;1;Brasil;;;;;;;;;;;;;;;;;;;;;;;;;
77024535;RELUZ EQUIPAMENTOS ELÉTRICOS;;1;Brasil;;;;;;;;;;;;;;;;;;;;;;;;;
77024541;RENATO SALLES;;1;Brasil;;;;;;;;;;;;;;;;;;;;;;;;;
77024542;RESENDE ECR;;1;Brasil;;;;;;;;;;;;;;;;;;;;;;;;;
77024547;RGM  COMERCIO DE PNEUS;;1;Brasil;RIO DE JANEIRO;MESQUITA;VILA EMIL;RUA;RUA BARONESA DE MESQUITA;1524;LOJA;26580000;;;;;;;;;;;;;;;;;
77024544;REVOLUTIN;;1;Brasil;;;;;;;;;;;;;;;;;;;;;;;;;
77024546;RGM;;1;Brasil;;;;;;;;;;;;;;;;;;;;;;;;;
77024548;RICARDO;;1;Brasil;;;;;;;;;;;;;;;;;;;;;;;;;
77024545;REVOLUTION BATERIA;;1;Brasil;RIO DEJANEIRO;RIO DE JANEIRO;PACIÊNCIA;RUA;RUA RAIMUNDO FERREIRA LIMA;174;LOJA;23573130;21999840083;;;;;;;;;;;;;;;;
77024549;RICARDO FELIX COELHO;;1;Brasil;;;;;;;;;;;;;;;;;;;;;;;;;
77024552;RICHARD MICHEL DA SILVA MOLLO;;1;Brasil;;;;;;;;;;;;;;;;;;;;;;;;;
77024553;RICO ( AMIGO DO PAULISTA);;1;Brasil;;;;;;;;;;;;;;;;;;;;;;;;;
77024554;RIO CAR;;1;Brasil;;;;;;;;;;;;;;;;;;;;;;;;;
77024555;R MARINHO;;1;Brasil;;;;;;;;;;;;;;;;;;;;;;;;;
77024556;ROBOOT ITAOCA;;1;Brasil;;;;;;;;;;;;;;;;;;;;;;;;;
77024551;RICAR PNEUS;;1;Brasil;;;;;;;;;;;;;;;;;;;;;;;;;
77024560;RODRIGO BENTO;;1;Brasil;;;;;;;;;;;;;;;;;;;;;;;;;
77024561;RODRIGO ( Levi );;1;Brasil;;;;;;;;;;;;;;;;;;;;;;;;;
77024562;RODRIGO ( MALMAL);;1;Brasil;;;;;;;;;;;;;;;;;;;;;;;;;
77024563;RODRIGO  MARTNIS;;1;Brasil;;;;;;;;;;;;;;;;;;;;;;;;;
77024564;RODRIGO  MOREIRA SOUZA;;1;Brasil;;;;;;;;;;;;;;;;;;;;;;;;;
77024559;RODRIGO (AMIGO DO MARLON);;0;Brasil;;;;;;;;;;;;;;;;;;;;;;;;;
77024565;RODRIGO  VIEIRA NAPOLEÃO  (INHAUMA);;1;Brasil;;;;;;;;;;;;;;;;;;;;;;;;;
77024566;RODRIGO ( VIZINHO DO PAULISTA);;1;Brasil;;;;;;;;;;;;;;;;;;;;;;;;;
77024567;RODRIGUES AUTO CENTER;;1;Brasil;;;;;;;;;;;;;;;;;;;;;;;;;
77024568;ROGERIO  AMIGO;;1;Brasil;;;;;;;;;;;;;;;;;;;;;;;;;
77024569;ROGERIO  BELMONTE;;1;Brasil;;;;;;;;;;;;;;;;;;;;;;;;;
77024570;ROMULO;;1;Brasil;;;;;;;;;;;;;;;;;;;;;;;;;
77024571;RONALDO;;1;Brasil;;;;;;;;;;;;;;;;;;;;;;;;;
77024573;ROOBOT;;1;Brasil;;;;;;;;;;;;;;;;;;;;;;;;;
77024575;ROQUE  (PARADA DE LUCAS);;1;Brasil;RIO DE JANEIRO;RIO DE JANEIRO;PARADA DE LUCAS;RUA;CORDOVIL;377;LOJA;21250392;;;;;;;;;;;;;;;;;
77024572;RONCAUTO;;1;Brasil;RIO DE JANEIRO;RIO DE JANEIRO;CAMPO GRANDE;AVENIDA;AV. CESARIO DE MELO;2005;LOJA;23052102;;;;;;;;;;;;;;;;;
77024576;ROSILENE;;1;Brasil;;;;;;;;;;;;;;;;;;;;;;;;;
77024574;ROQUE     (JARDIM AMERICA);;0;Brasil;;;;;;;;;;;;;;;;;;;;;;;;;
77024577;ROUTE 164 OFICINA AUTOMOTIVA;;1;Brasil;RIO DE JANEIRO;RIO DE JANEIRO;Jacarepaguá;ESTRADA;ESTRADA DOS BANDEIRANTES;3715;LOJA (CURÍCICA);22775113;;;;;;;;;;;;;;;;;
77024578;R R OLIVEIRA;;1;Brasil;;;;;;;;;;;;;;;;;;;;;;;;;
77024579;RR OLIVEIRA LOURENÇO AUTO CENTER;;1;Brasil;RIO DE JANEIRO;RIO DE JANEIRO;IRAJA;AVENIDA;AVENIDA MONSENHOR FELIX;796;LADO PAR;21235110;;;;;;;;;;;;;;;;;
77024580;RUBSON ALVARES;;1;Brasil;;;;;;;;;;;;;;;;;;;;;;;;;
77024584;SAFIRAS CAR;;1;Brasil;;;;;;;;;;;;;;;;;;;;;;;;;
77024585;SAÍDA DE TROCAS;;1;Brasil;;;;;;;;;;;;;;;;;;;;;;;;;
77024586;SAM DIEGO (PEDRA);;1;Brasil;;;;;;;;;;;;;;;;;;;;;;;;;
77024587;SANAUTO;;1;Brasil;;;;;;;;;;;;;;;;;;;;;;;;;
77024588;SANDRA (VIZINHA );;1;Brasil;;;;;;;;;;;;;;;;;;;;;;;;;
77024589;SANDRO MARQUES DA COSTA (AMIGO DIEGO);;1;Brasil;;;;;;;;;;;;;;;;;;;;;;;;;
77024591;SATURNO;;1;Brasil;;;;;;;;;;;;;;;;;;;;;;;;;
77024593;SD BORRACHARIA;;1;Brasil;;;;;;;;;;;;;;;;;;;;;;;;;
77024594;SEBASTIÃO  ( TIÃO );;1;Brasil;;;;;;;;;;;;;;;;;;;;;;;;;
77024595;SEGURANÇA ( PAULISTA);;1;Brasil;;;;;;;;;;;;;;;;;;;;;;;;;
77024596;SETE AMIGO AUTO CENTER;;1;Brasil;;;;;;;;;;;;;;;;;;;;;;;;;
77024631;TURBO CAR;;1;Brasil;;;;;;;;;;;;;;;;;;;;;;;;;
77024597;SETOR REPRESENTAÇÕES  LTDA;;1;Brasil;;;;;;;;;;;;;;;;;;;;;;;;;
77024598;SFE  CABRAL COMÉRCIO DE BATERIAS LTDA ME;;1;Brasil;RIO DE JANEIRO;QUEIMADOS;CENTRO;RUA;VEREADOR MARINHO HEMETERIO DE OLIVEIRA;310;AUTO PEÇAS;26320500;;;;;;;;;;;;;;;;;
77024599;SILENCANO CANOS E SILENCIOSOS;;1;Brasil;RIO DE JANEIRO;RIO DE JANEIRO;CASCADURA;RUA;ITAMARATI;84;LOJA C/D;21350050;;;;;;;;;;;;;;;;;
77024602;SONIA REGINA DA SILVA;;1;Brasil;RIO DE JANEIRO;RIO DE JANEIRO;SULACAP;AVENIDA;AVN. ALBERICO DINIZ;1267;LOJA;;;;;;;;;;;;;;;;;;
77024604;SPACE AUTO CENTER (CAMPO GRANDE);;1;Brasil;RIO DE JANEIRO;RIO DE JANEIRO;CAMPO GRANDE;RUA;Rua Aricuri;825;LOJA;23081331;;;;;;;;;;;;;;;;;
77024603;SOUND CAR COMERCIO;;1;Brasil;;;;;;;;;;;;;;;;;;;;;;;;;
77024605;SPECECAR;;1;Brasil;;;;;;;;;;;;;;;;;;;;;;;;;
77024606;SPEED AUTO PEÇAS;;1;Brasil;;;;;;;;;;;;;;;;;;;;;;;;;
77024607;SPORT CAR;;1;Brasil;;;;;;;;;;;;;;;;;;;;;;;;;
77024608;SR. FERREIRA;;1;Brasil;;;;;;;;;;;;;;;;;;;;;;;;;
77024609;SR WILSON (DIEGO);;1;Brasil;;;;;;;;;;;;;;;;;;;;;;;;;
77024610;STILO PNEUS;;1;Brasil;RIO DE JANEIRO;RIO DE JANEIRO;Encantado;RUA;DOIS DE FEVEREIRO;;LOJA A;20730452;;;;;;;;;;;;;;;;;
77024611;STILOS;;1;Brasil;;;;;;;;;;;;;;;;;;;;;;;;;
77024612;STOP SHOP COMERCIO  ( BATALHA);;1;Brasil;;;;;;;;;;;;;;;;;;;;;;;;;
77024613;TAUIL PNEUS;;1;Brasil;;;;;;;;;;;;;;;;;;;;;;;;;
77024614;TELSON;;1;Brasil;;;;;;;;;;;;;;;;;;;;;;;;;
77024615;TELSON ( VIZINHO);;1;Brasil;;;;;;;;;;;;;;;;;;;;;;;;;
77024616;TEMPLAR;;1;Brasil;;;;;;;;;;;;;;;;;;;;;;;;;
77024618;THIAGO BORRACHEIRO;;1;Brasil;;;;;;;;;;;;;;;;;;;;;;;;;
77024627;TRANSPORTES SANTA BARBARA;;1;Brasil;;;;;;;;;;;;;;;;;;;;;;;;;
77024619;THIAGO  ( FLUIR CAR );;1;Brasil;;;;;;;;;;;;;;;;;;;;;;;;;
77024620;THIAGO PACHECO (AMIGO PAULISTA);;1;Brasil;;;;;;;;;;;;;;;;;;;;;;;;;
77024622;TIAGO GARCIA PAOLINELLI  LASMAR;;1;Brasil;;;;;;;;;;;;;;;;;;;;;;;;;
77024623;TIAGO SILVA;;1;Brasil;;;;;;;;;;;;;;;;;;;;;;;;;
77024624;TIAGO SILVA  (PISCA);;1;Brasil;;;;;;;;;;;;;;;;;;;;;;;;;
77024625;TR4;;1;Brasil;;;;;;;;;;;;;;;;;;;;;;;;;
77024621;THIAGO RODAS  ( TR  );;1;Brasil;;;;;;;;;;;;;;;;;;;;;;;;;
77024628;TROCAS PIREMAXX;;1;Brasil;;;;;;;;;;;;;;;;;;;;;;;;;
77024629;TUNICO AUTO CENTER;;1;Brasil;;;;;;;;;;;;;;;;;;;;;;;;;
77024630;TUNINHO;;1;Brasil;;;;;;;;;;;;;;;;;;;;;;;;;
77024632;UESLLEN;;1;Brasil;;;;;;;;;;;;;;;;;;;;;;;;;
77024633;UESLLEY;;1;Brasil;;;;;;;;;;;;;;;;;;;;;;;;;
77024634;VANDRÉ JACONÉ;;1;Brasil;;;;;;;;;;;;;;;;;;;;;;;;;
77024635;VAN LU (LUCIANO MERCADO);;1;Brasil;;;;;;;;;;;;;;;;;;;;;;;;;
77024636;VANZINHO;;1;Brasil;;;;;;;;;;;;;;;;;;;;;;;;;
77024637;VCL CENTRO AUTOMOTIVO;;1;Brasil;RIO DE JANEIRO;RIO DE JANEIRO;Paciência;RUA;Rua Ouroana;12;LOT 5 PAL 39641 QDR       A;23587076;;;;;;;;;;;;;;;;;
77024638;VEIGAS CONVERTEDORA;;1;Brasil;;;;;;;;;;;;;;;;;;;;;;;;;
77024639;VELUPASTE;;1;Brasil;;;;;;;;;;;;;;;;;;;;;;;;;
77024640;VELUPAST  (PARK ESCOBAR);;1;Brasil;;;;;;;;;;;;;;;;;;;;;;;;;
77024642;VENDERLEI;;1;Brasil;;;;;;;;;;;;;;;;;;;;;;;;;
77024641;VELUPLAST  (PARK ESCOBAR);;1;Brasil;;;;;;;;;;;;;;;;;;;;;;;;;
77024645;VICTOR;;1;Brasil;;;;;;;;;;;;;;;;;;;;;;;;;
77024647;VISÃO AUTO CENTER;;1;Brasil;;;;;;;;;;;;;;;;;;;;;;;;;
77024643;VENTURA  DUTRA;VENTURA DUTRA;1;Brasil;RIO DE JANEIRO;NOVA IGUAÇU;POSSE;RODOVIA;RODOVIA PRESIDENTE DUTRA;1872;RODOVIA;26030002;;;;;;;;;;;;;;;;;
77024644;VENTURA MARQUES ROLLO;VENTURA MARQUES ROLLO;1;Brasil;RIO DE JANEIRO;MESQUITA;JUSCELINO;RUA;RUA CARLOS MARQUES ROLLO;320;RUA;26550210;;;;;;;;;;;;;;;;;
77024646;VINICIUS (AMIGO DO MARLON);;0;Brasil;;;;;;;;;;;;;;;;;;;;;;;;;
77024648;VIZINHO;;1;Brasil;;;;;;;;;;;;;;;;;;;;;;;;;
77024649;VIZINHO DO DIEGO;;1;Brasil;;;;;;;;;;;;;;;;;;;;;;;;;
77024650;WAGNER DA CONCEIÇÃO DIAS;;1;Brasil;;;;;;;;;;;;;;;;;;;;;;;;;
77024651;WAGNER  LUCAS DE SOUZA;;1;Brasil;;;;;;;;;;;;;;;;;;;;;;;;;
77024652;WANDO;;1;Brasil;;;;;;;;;;;;;;;;;;;;;;;;;
77024653;WASHINGTON;;1;Brasil;;;;;;;;;;;;;;;;;;;;;;;;;
77024656;WDA;;1;Brasil;RIO DE JANEIRO;DUQUE DE CAXIAS;VILA ITAMARATI;RUA;ITATINGA;611;LOJA;25070140;;;;;;;;;;;;;;;;;
77024654;WAVE;;1;Brasil;;;;;;;;;;;;;;;;;;;;;;;;;
77024655;WCARRIER;;1;Brasil;;;;;;;;;;;;;;;;;;;;;;;;;
77024657;WELLINGTON BORRACHARIA;;1;Brasil;;;;;;;;;;;;;;;;;;;;;;;;;
77024658;WILLIAM MENDES MACHADO;;1;Brasil;;;;;;;;;;;;;;;;;;;;;;;;;
77024659;YGOR DA SILVA VALENÇA (ITAGUAI);;1;Brasil;;;;;;;;;;;;;;;;;;;;;;;;;
77024660;ZACARIAS;;1;Brasil;;;;;;;;;;;;;;;;;;;;;;;;;
77024661;ZACARIAS DA SILVA;;1;Brasil;;;;;;;;;;;;;;;;;;;;;;;;;
77024662;ZÉ GUILHERME (AMIGO DO PAULISTA );;1;Brasil;;;;;;;;;;;;;;;;;;;;;;;;;
77024663;ZÉ  RODAS ( ROSANE );;1;Brasil;;;;;;;;;;;;;;;;;;;;;;;;;
77024664;ZÉZINHO PNEUS;;1;Brasil;;;;;;;;;;;;;;;;;;;;;;;;;
65432178;JOFELIO (SÃO JOÃO DE MERITI);;1;Brasil;;;;;;;;;;;;;;;;;;;;;;;;;
235603147;CACHAMBI AUTO CENTER;;1;Brasil;;;;;;;;;;;;;;;;;;;;;;;;;
235648790;OCIMAR CARCACEIRO;;1;Brasil;;;;;;;;;;;;;;;;;;;;;;;;;
65465448514;SGA TOYOTA NITEROI;;1;Brasil;RIO DE JANEIRO;;;RUO;RUA MARTINIANO DE ALENCAR;;;25225320;;;;;;;;;;;;;;;;;
21998573029;AUTO MECÂNICA EBS;AUTO MECÂNICA EBS;1;Brasil;RIO DE JANEIRO;RIO DE JANEIRO;CAMPO GRANDE;LOJA;ESTRADA DO MENDANHA;5097;LOJA;23095842;21998573029;;;;;;;;;;;;;;;;
4445556;CS;CS;1;Brasil;;;;;;;;;;;;;;;;;;;;;;;;;
Fornecedor (borracheiro);Fornecedor (borracheiro);;1;Brasil;;;;;;;;;;;;;;;;;;;;;;;;;
Cliente Venda Remold;Cliente Venda Remold;;1;Brasil;;;;;;;;;;;;;;;;;;;;;;;;;
Cliente entrega;Cliente entrega;;1;Brasil;;;;;;;;;;;;;;;;;;;;;;;;;
Cliente Venda Usados;Cliente Venda Usados;;1;Brasil;;;;;;;;;;;;;;;;;;;;;;;;;
231164567879;JOCELIO (SÃO JOÃO DE MERITI);;1;Brasil;;;;;;;;;;;;;;;;;;;;;;;;;
124574965;ZEZINHO PNEUS;ZEZINHO PNEUS;1;Brasil;RIO DE JANEIRO;RIO DE JANEIRO;CAMPO GRANDE;ESTRADA;ESTRADA DA CACHAMORRA;676;LOJA;23040150;;;;;;;;;;;;;;;;;
0215630;M NOGUEIRA (PIREMAXX);M NOGUEIRA (PIREMAXX);1;Brasil;;;;;;;;;;;;;;;;;;;;;;;;;
123654;NJ TERRA (MOLAS TIGRE);NJ TERRA (MOLAS TIGRE);1;Brasil;RIO DE JANEIRO;RIO DE JANEIRO;Taquara;RUA;Rua André Rocha;1651;LOJA;22730521;;;;;;;;;;;;;;;;;
770240866;RODACAR AUTO CENTER;RODACAR AUTO CENTER;1;Brasil;;;;;;;;;21998802464;;;;;;;;;;;;;;;;
7702434801;IMPACTO SÃO GONÇALO;IMPACTO SÃO GONÇALO;1;Brasil;;;;;;;;;;;;;;;;;;;;;;;;;
77024348012;GH 208 COMERCIO DE PNEU;GH 208 COMERCIO DE PNEU;1;Brasil;RIO DE JANEIRO;RIO DE JANEIRO;RICARDO DE ALBUQUERQUE;RUA;RUA DAS FLORES;165;GALPÃO;21640180;21964899526;;;;;;;;;;;;;;;;
123456;OEST CAR BANGU (MICHELIN);OESTE CAR (MICHELIN);1;Brasil;RIO DE JANEIRO;RIO DE JANEIRO;BANGU;RUA;RUA SILVA CARDOSO;1092;LOJA;21815072;21999840083;;;;;;;;;;;;;;;;
289685;289685 - AMARO BUARQUE VANDER;;0;Brasil;SP;SAO PAULO;Santana;;Rua Alfredo Pujol, 506;;;2017001;;119988776655;;;;;;;;;;;;;;;
7702434801214;ROCHA AUTO CENTER;ROCHA AUTO CENTER;1;Brasil;RIO DE JANEIRO;RIO DE JANEIRO;VICENTE DE CARVALHO;RUA;SHOPPING CARIOCA;909;LOJA SUBSOLO;;21999840083;;;;;;;;;;;;;;;;
77024348258;RUSSO CARCACEIRO (BICICLETA);;1;Brasil;;;;;;;;;;;;;;;;;;;;;;;;;
101010;IMPACTO NITEROI;IMPACTO NITEROI;1;Brasil;;;;;;;;;;;;;;;;;;;;;;;;;
22041980;ALEX BOARETO;ALEX BOARETO;1;Brasil;;;;;;;;;21993451009;;;;;;;;;;;;;;;;
1010101011;IMPACTO BARRA;IMPACTO BARRA;1;Brasil;;;;;;;;;;;;;;;;;;;;;;;;;
254789632542132;DEIVISON (CLIENTE PORTA);;1;Brasil;;;;;;;;;;;;;;;;;;;;;;;;;
10101011;IMPACTO SÃO GONÇÃLO;IMPACTO SÃO GONÇÃLO;1;Brasil;;;;;;;;;;;;;;;;;;;;;;;;;
101010101111;IMPACTO ALCANTARA;IMPACTO ALCANTARA;1;Brasil;;;;;;;;;;;;;;;;;;;;;;;;;
102030;Loja A;;1;Brasil;;;;;;;;;;;;;;;;;;;;;;;;;
Exame 2;Reexame Loja A;;1;Brasil;;;;;;;;;;;;;;;;;;;;;;;;;
12222222;GUSTAVO MARINHO NOGUEIRA;GUSTAVO MARINHO NOGUEIRA;1;Brasil;RIO DE JANEIRO;RIO DE JANEIRO;CAMPO GRANDE;COMERCIAL;RUA LUPÊRCIO;19;;23040410;21966362479;;;;;;;;;;;;;;;;
265973248;ABC MEIER;ABC MEIER;1;Brasil;;;;;;;;;;;;;;;;;;;;;;;;;
121213121;SIM SANTA CRUZ;SIM SANTA CRUZ;1;Brasil;RIO DE JANEIRO;RIO DE JANEIRO;SANTA CRUZ;AVENIDA;AV. PADRE GUILHERME DECAMINADA;2385;ASSAI DE SANTA CRUZ;23575000;21999840083;;;;;;;;;;;;;;;;
10145412;SIM GRANDE RIO;SIM GRANDE RIO;1;Brasil;RIO DE JANEIRO;SÃO JOÃO DE MERITI;PARQUE BARRETO;RUA;R.MARIA SOARES;111;SHOPPING G.RIO SUBSOLO;21815072;21999840083;;;;;;;;;;;;;;;;
1245787;BRAGA E CHIAPETA;BRAGA E CHIAPETA;1;Brasil;;;;;;;;;;;;;;;;;;;;;;;;;
0123;EDSON (MACUMBA);;1;Brasil;;;;;;;;;;;;;;;;;;;;;;;;;
1246357;JOMANO BARRA;;1;Brasil;RIO DE JANEIRO;RIO DE JANEIRO;BARRA DA TIJUCA;AV;DAS AMERICAS;5150;NO PATIO DO CARREFOUR BARRA;22640102;;;;;;;;;;;;;;;;;
1254789663;SR JOSÉ (PORTUGUÊS);;1;Brasil;;;;;;;;;;;;;;;;;;;;;;;;;
23296647842023;MARCELINHO (RICARDO DE ALBUQUERQUE);;1;Brasil;;;;;;;;;;;;;;;;;;;;;;;;;
3216987;REDE BANGU JACAREPAGUA;;1;Brasil;RIO DE JANEIRO;RIO DE JANEIRO;JACAREPAGUA;ESTRADA;DO GABINAL;866;LOJA;22760152;;;;;;;;;;;;;;;;;
125478963;CARLOS EDUARDO AUTO CENTER;CARLOS EDUARDO AUTO CENTER;1;Brasil;;RIO DE JANEIRO;RIO DE JANEIRO;ESTRADA;HENRIQUE DE MELLO;740;LOJA;21340190;;;;;;;;;;;;;;;;;
25469780;ABC CABUÇU;ABC CABUÇU;1;Brasil;;;;;;;;;;;;;;;;;;;;;;;;;
21548796654;ADRIANO DE ASSIS (QUEIMADOS);;1;Brasil;;;;;;;;;;;;;;;;;;;;;;;;;
325469870;THIAGO SILVA (PISCA);;1;Brasil;;;;;;;;;;;;;;;;;;;;;;;;;
654753;JESUS VENDA DE PNEUS;;1;Brasil;;;;;;;;;;;;;;;;;;;;;;;;;
321045;MARCO ANTONIO (COLÉGIO);;1;Brasil;;;;;;;;;;;;;;;;;;;;;;;;;
654789;GALEÃO AUTO PNEUS;;1;Brasil;RIO DE JANEIRO;RIO DE JANEIRO;ILHA DO GOVERNADOR;RUA;ANGELO PIMENTEL;1955;DO LADO DA FIAT AZURRA;21910190;;;;;;;;;;;;;;;;;
75698;CANCELA PRETA PNEUS;;1;Brasil;;;;;;;;;;;;;;;;;;;;;;;;;
95123;LECO BORRACHARIA;;1;Brasil;RIO DE JANEIRO;BELFORD ROXO;ANDRADE DE ARAUJO;RUA;CASTRO ALVES, 528A - ANDRADE DE ARAÚJO - Brasil.;528;LOJA A;;;;;;;;;;;;;;;;;;
951753684;JESSE FERREIRA CARCACEIRO;;1;Brasil;;;;;;;;;;;;;;;;;;;;;;;;;
48848444;L&F CENTRO AUTOMOTIVO FÁBIO ORNILO;L&F CENTRO AUTOMOTIVO FÁBIO ORNILO;1;Brasil;;;;;;;;;;;;;;;;;;;;;;;;;
125789456;ABC CAMPO GRANDE;ABC CAMPO GRANDE;1;Brasil;RIO DE JANEIRO;RIO DE JANEIRO;CAMPO GRANDE;;;;;;;;;;;;;;;;;;;;;;
789654789;ABC ILHA;ABC ILHA;1;Brasil;;;;;;;;;;;;;;;;;;;;;;;;;
98654782;PNEU LUBY;;1;Brasil;;;;;;;;;;;;;;;;;;;;;;;;;
96574123;LUIZ CARLOS CIPRIANO SILVA;;1;Brasil;;;;;;;;;;;;;;;;;;;;;;;;;
3216497;PARAZÃO DE CAXIAS;;1;Brasil;;;;;;;;;;;;;;;;;;;;;;;;;
654321;FERNANDO CACHAMBI;;1;Brasil;;;;;;;;;;;;;;;;;;;;;;;;;
21969565559;DREAM CAR;DREAM CAR;1;Brasil;RIO DE JANEIRO;DUQUE DE CAXIAS;VILA EMA;RUA;vitoria;19;galpão comercial;25266006;21969565559;;dreamcar81rj@gmail.com;;;;;;;;;;;;;;
32656749131;FIMATECH;;1;Brasil;;;;;;;;;;;;;;;;;;;;;;;;;
326.59741;UDAM MICHELIN;UDAM MICHELIN;1;Brasil;;;;;;;;;;;;;;;;;;;;;;;;;
2316321475320;ORLANDO MINHOCA;;1;Brasil;;;;;;;;;;;;;;;;;;;;;;;;;
232.6544794;WILLIAN DA SILVA MUNIZ(NOVA IGUAÇU);;1;Brasil;;;;;;;;;;;;;;;;;;;;;;;;;
2154698320;J.A PNEUS (QUEIMADOS);;1;Brasil;;;;;;;;;;;;;;;;;;;;;;;;;
14576230;JAIR VASCO (CRACK);;1;Brasil;;;;;;;;;;;;;;;;;;;;;;;;;
231604563;PS PRIME CASCADURA;;1;Brasil;;;;;;;;;;;;;;;;;;;;;;;;;
254679031;ABATERJ;ABATERJ;1;Brasil;;;;;;;;;;;;;;;;;;;;;;;;;
32654025477;BORRACHEIRO SÃO PEDRO;;1;Brasil;;;;;;;;;;;;;;;;;;;;;;;;;
324687241;TELSO VIZINHO;;1;Brasil;;;;;;;;;;;;;;;;;;;;;;;;;
9876543574;DIOGO CAR SERVICE;;1;Brasil;;;;;;;;;;;;;;;;;;;;;;;;;
230;AUTO SOLUTION;AUTO SOLUTION;1;Brasil;RIO DE JANEIRO;RIO DE JANEIRO;ENGENHO NOVO;;RUA 24 DE MAIO;1027;LOJA;20722000;21964729760;;;;;;;;;;;21 96472 9760;;;;;
3265026265;EDUARDO SR MANOEL;;1;Brasil;;;;;;;;;;;;;;;;;;;;;;;;;
321654951753;CAPS CHAU AUTO CENTER;;1;Brasil;RIO DE JANEIRO;RIO DE JANEIRO;CENTRO;RUA;DE SANTANA;169;;;;;;;;;;;;;;;;;;;
3265963145;LUK NITEROI PNEUS;;1;Brasil;;;;;;;;;;;;;;;;;;;;;;;;;
3265794;MVG SERVIÇOS (SÃO JANUARIO);;1;Brasil;;;;;;;;;;;;;;;;;;;;;;;;;
21992950963;BARA CENTRO AUTOMOTIVO BOSCH CAR SERVICE;BARA CENTRO AUTOMOTIVO BOSCH CAR SERVICE;1;Brasil;RIO DE JANEIRO;RIO DE JANEIRO;TIJUCA;RUA;RUA CAMPOS SALES;16;;;21992950963;;;;;;;;;;;;;;;;
326748521;MANOEL VISTA ALEGRE;;1;Brasil;RIO DE JANEIRO;RIO DEJANEIRO;VISTA ALEGRE;RUA;CUSTODIA;16;LOJA BORRACHEIRO;21230710;;;;;;;;;;;;;;;;;
3265478;CLINAUTO AUTOMOTIVA;;1;Brasil;RIO DE JANEIRO;DUQUE DE CAXIAS;25 DE AGOSTO;RUA;EVARISTO DA VEIGA;131;;25065090;;;;;;;;;;;;;;;;;
21548603;DILMO BORRACHEIRO;;1;Brasil;RIO DE JANEIRO;RIO DE JANEIRO;IRAJÁ;AVENIDA;MONSENHOR FELIX;325;POSTO DE GASOLINA;21361131;;;;;;;;;;;;;;;;;
326501234;REDE BANGU;;1;Brasil;;;;;;;;;;;;;;;;;;;;;;;;;
326594563;LUIS CARLOS (NILOPOLIS);;1;Brasil;;;;;;;;;;;;;;;;;;;;;;;;;
326549;PS PRIME BENFICA;;1;Brasil;;;;;;;;;;;;;;;;;;;;;;;;;
21546307;SÃO CRISTOVÃO (SILVA JARDIM);;1;Brasil;;;;;;;;;;;;;;;;;;;;;;;;;
2587963;edvaldo;;1;Brasil;rj;paty dos alferes;;;;;;;;;;;;;;;;;;;;;;;
326579410;MARCO ANONIO CAMPOS;;1;Brasil;;;;;;;;;;;;;;;;;;;;;;;;;
321456;PARÁ AUTO ELÉTRICA;;1;Brasil;RIO DE JANEIRO;NOVA IGUAÇU;CENTRO;AVENIDA;FRANCISCO DE SÁ;;;;;;;;;;;;;;;;;;;;
6579432145;SR JAIME;;1;Brasil;;;;;;;;;;;;;;;;;;;;;;;;;
987159357;LOJA PORTUGAS;;1;Brasil;;;;;;;;;;;;;;;;;;;;;;;;;
6540147;SEIKO SPRINT CAPS CG;;1;Brasil;;;;;;;;;;;;;;;;;;;;;;;;;
321659654;ML PAJÉ LEBLON;ML PAJÉ LEBLON;1;Brasil;RIO DE JANEIRO;RIO DE JANEIRO;LEBLON;AVENIDA;BARTOLOMEU MITRE;990;LOJA;22431003;;;;;;;;;;;;;;;;;
326123456;ML PAJÉ WALMART ENG. DE DENTRO;ML PAJÉ WALMART ENG. DE DENTRO;1;Brasil;RIO DE JANEIRO;RIO DE JANEIRO;ENGENHO DE DENTRO;AVENIDA;PROJETADA;345;LOJA WALMART;20771020;;;;;;;;;;;;;;;;;
9875634565;ML PAJÉ QUINTINO;ML PAJÉ QUINTINO;1;Brasil;RIO DE JANEIRO;RIO DE JANEIRO;QUINTINO BOCAYUVA;AVENIDA;DON HELDER CÂMARA;9601;LOJA;21380008;;;;;;;;;;;;;;;;;
3645321;ML PAJÉ CASCADURA;ML PAJÉ CASCADURA;1;Brasil;RIO DE JANEIRO;RIO DE JANEIRO;CASCADURA;AVENIDA;DON HELDER CÂMARA;9754;LOJA;21380003;;;;;;;;;;;;;;;;;
3678912;ML PAJÉ DUQUE DE CAXIAS;ML PAJÉ DUQUE DE CAXIAS;1;Brasil;RIO DE JANEIRO;DUQUE DE CAXIAS;VILA SÃO LUÍS;AVENIDA;EXPEDITO JOSÉ AMARO;1338;LOJA;25065090;;;;;;;;;;;;;;;;;
963714;ML PAJÉ NITEROÍ;ML PAJÉ NITEROÍ;1;Brasil;RIO DE JANEIRO;NITEROÍ;NITEROÍ;ALAMEDA;SÃO BOA VENTURA;425;LOJA;24130005;;;;;;;;;;;;;;;;;
987159753;RODACAR JPA;;1;Brasil;;;;;;;;;;;;;;;;;;;;;;;;;
98652658;JOAQUIM BRÁS DE PINA;;1;Brasil;RIO DE JANEIRO;RIO DE JANEIRO;BRÁS DE PINA;RUA;ITABIRA;199;LOJA;21215310;;;;;;;;;;;;;;;;;
95762314;FABRICIO AUTO CENTER;;1;Brasil;;;;;;;;;;;;;;;;;;;;;;;;;
325693147;HELP PNEUS (CAMPINHO);;1;Brasil;;;;;;;;;;;;;;;;;;;;;;;;;
32759614;GP3 PETRÓPOLIS;;1;Brasil;RIO DE JANEIRO;PETRÓPOLIS;QUITANDINHA;AVENIDA;GENERAL RONDON;1015;EXTRA SUPERMECADOS;;;;;;;;;;;;;;;;;;
32659455;ITAOCAR PNEUS;;1;Brasil;;;;;;;;;;;;;;;;;;;;;;;;;
3210;TUDO EM RODAS (TAQUARAL);;1;Brasil;;;;;;;;;;;;;;;;;;;;;;;;;
365478951;IRPA COMERCIO LTDA;IRPA COMERCIO LTDA;1;Brasil;RIO DE JANEIRO;RIO DE JANEIRO;OSWALDO CRUZ;RUA;LINO FONSECA;198;LOJA;21340540;;;;;;;;;;;;;;;;;
3265987410;HELP PNEUS (GRAJAÚ);;1;Brasil;RIO DE JANEIRO;RIO DE JANEIRO;VILA ISABEL;RUA;TEODORO DA SILVA;1016;LOJA;20560001;;;;;;;;;;;;;;;;;
32149;SAMUEL DE MOURA BRAGA;;1;Brasil;;;;;;;;;;;;;;;;;;;;;;;;;
32657981;O BORRACHÃO (PACHECO);;1;Brasil;;;;;;;;;;;;;;;;;;;;;;;;;
32657946;VIVIANE MARIA DE LIMA;;1;Brasil;;;;;;;;;;;;;;;;;;;;;;;;;
9578643;NOVA VIDA PNEUS;;1;Brasil;RIO DE JANEIRO;RIO DE JANEIRO;;RUA;CORDOVIL;1483;LOJA;;;;;;;;;;;;;;;;;;
987789;AUTO CENTER SÃO CRISTOVÃO (CASEMIRO DE ABREU);;1;Brasil;RIO DE JANEIRO;CASEMIRO DE ABREU;;;;;;;;;;;;;;;;;;;;;;;
4566547;OFERTÃO PNEUS;;1;Brasil;;;;;;;;;;;;;;;;;;;;;;;;;
65478;GALDINOS CENTRO AUTOMOTIVO;;1;Brasil;RIO DE JANEIRO;RIO DE JANEIRO;CAMPO GRANDE;AVENIDA;CESÁRIO DE MELLO;4695;LOJA;23055002;;;;;;;;;;;;;;;;;
987;GINHO PNEUS (JORGE LUIZ);;1;Brasil;;;;;;;;;;;;;;;;;;;;;;;;;
324781;JOISAEL (JSP PNEUS);;1;Brasil;;;;;;;;;;;;;;;;;;;;;;;;;
11111111112;DORGIVAM FERNANDES DE ALBUQUERQUE;DORGIVAM FERNANDES DE ALBUQUERQUE;1;Brasil;Rio de Janeiro;Rio de Janeiro;;;;;;;;;;;;;;;;;;;;;;;
32175316;JN BORRACHEIRO;;1;Brasil;RIO DE JANEIRO;RIO DE JANEIRO;CAMPO GRANDE;ESTRADA;DO MAGARÇA;4341;LOJA;;;;;;;;;;;;;;;;;;
14/05/2021;REDE TROCAR REPARAÇÃO AUTOMOTIVA;J A MELO JUNIOR REPARAÇÃO AUTOMOTICA;1;Brasil;RIO DE JANEIRO;DUQUE DE CAXIAS;PARQUE URUGUAINA;RUA;PRESIDENTE ROOSEVELT;1338;QUADRA 23;25065090;;2126787534;redetrocar@gmail.com;;;;;;;;;;;;;;
0000000000000111111;CASA DOS PNEUS;CASA DOS PNEUS;1;Brasil;;;Olaria - Rio De Janeiro;;Rua Leopoldina Rego;416;;21021521;21965712295;;V8MOTORS2009@HOTMAIL.COM;;;;;;;;;MARCOS;;;;;
214530;MAICON DO GÁS;;1;Brasil;;;;;;;;;;;;;;;;;;;;;;;;;
002222112;AUTO VIA AREIA BRANCA;AUTO VIA AREIA BRANCA;1;Brasil;;;;;;;;;21964317197;;;;;;;;;;;;;;;;
65784931;PAULO SERGIO (PORTA);;1;Brasil;;;;;;;;;;;;;;;;;;;;;;;;;
12333333;MARCOS MÓVEIS;MARCOS MÓVEIS;1;Brasil;RIO DE JANEIRO;RIO DE JANEIRO;PACIÊNCIA;COMERCIAL;ESTRADA SANTA EUGÊNIA;9;;;;;;;;;;;;;;;;;;;
957614;SHOPPING DAS KOMBIS E VANS AUTO PEÇAS LTDA;;1;Brasil;RIO DE JANEIRO;RIO DE JANEIRO;Bento Ribeiro;RUA;CAROLINA MACHADO;1256;LOJA;21555290;;;;;;;;;;;;;;;;;
811;VILA NOVA;POSTO E GARAGE VILA NOVA DE PAIVA LTDA;1;Brasil;RIO DE JANEIRO;RIO DE JANEIRO;811;COMERCIAL;RUA PEDRO DE CARVALHO;811;POSTO DE GASOLINA;;;2122692547;;;;;;;;;;;;;;;
3502050604;CARIOCA CAMPINHO;;1;Brasil;RIO DE JANEIRO;RIO DE JANEIRO;;LOJA;ESTRADA DO MONTEIRO;2019;;23036340;;;;;;;;;;;;;;;;;
CNPJ 04.310.848/0001-78;REDE BRASIL CENTRO AUTOMOTIVO;REDE BRASIL CENTRO AUTOMOTIVO;1;Brasil;;Duque de Caxias;SARACURUNA;;AV. PRESIDENTE ROOSEVELT;401;;25211120;;2127771337;redebrasil2001.gm@gmail.com;;;;;;;;;;;;;;
CNPJ 40.232.433/0001-97;TAQUARA PNEUS;TAQUARA PNEUS;1;Brasil;RIO DE JANEIRO;Rio de Janeiro;TAQUARA;;RUA ARIPERANA;243;;;21965180079;2135184800;;;;;;;;;;;;;;;
CNPJ 27.823.593/0001-42;FITTVANS;FITTVANS;1;Brasil;RJ;Rio de Janeiro;CAMPO GRANDE;;ESTRADA DA POSSE;664;;;21982526649;;fittivans@gmail.com;;;;;;;;;MARCOS LUCIANO;;;;;
9578624;LÉO SCAPCAR;;1;Brasil;RIO DE JANEIRO;NOVA IGUAÇU;JAQUELINE;AVENIDA;ABÍLIO AUGUSTO TÁVORA;1800;LOJA;;;;;;;;;;;;;;;;;;
022232222;NEUSA APARECIDA;neusa aparecida do nascimento de oliveira;1;Brasil;;;;;;;;;21970237790;;;;;;;;;;;;;;;;
022221111;parada legal;auto center parada legal;1;Brasil;rio de janeiro;;CAMPO GRANDE;comercial;RUA BARCELOS DOMINGOS;200;;;21976223340;;contatoautocenterparadalegal@gmail.com;;;;;;;;;;;;;;
32549631;WIN PNEUS CONTINENTAL;;1;Brasil;;;;;;;;;;;;;;;;;;;;;;;;;
00222222;YAN BORRACHARIA;BORRACHARIA YJ (YAN FERNANDES);1;Brasil;RIO DE JANEIRO;RIO DE JANEIRO;PENHA;COMERCIAL;RUA MONTEVIDEU;191;;;;;;;;;;;;;;;;;;;
02322222;RENASCER AUTO CENTER;RENASCER AUTO CENTER;1;Brasil;RIO DE JANEIRO;SÃO JOÃO DE MERITI;CENTRO;COMERCIAL;AV AUTOMOVEL CLUBE;246;LOJA;;21980922541;;;;;;;;;;;;;;;;
3201789;MS RODAS E PNEUS LTDA ME;;1;Brasil;RIO DE JANEIRO;RIO DE JANEIRO;MAGALHÃES BASTOS;AVENIDA;MARECHAL FONTENELLE;4251;LOJA;;;;;;;;;;;;;;;;;;
9631478;LUCAS SANDS CORDEIRO;;1;Brasil;;;;;;;;;;;;;;;;;;;;;;;;;
122525555;BRUNINHO BORRACHEIRO;BRUNINHO BORRACHEIRO E TROCA DE OLÉO;1;Brasil;RIO DE JANEIRO;RIO DE JANEIRO;SEPETIBA;COMERCIAL;ESTRADA SÃO TARCÍSIO;903;;;;;atilanocruz@hotmail.com;;;;;;;;;21966699672;;;;;
369963;JEAN GÁS AUTO CENTER;;1;Brasil;;;;;;;;;;;;;;;;;;;;;;;;;
3547899;SEVERINO PEREIRA DA SILVA;;1;Brasil;;;;;;;;;;;;;;;;;;;;;;;;;
951456;REIS AUTO CENTER;;1;Brasil;RIO DE JANEIRO;RIO DE JANEIRO;BANGU;AVENIDA;SANTA CRUZ;5489;LOJA;;;;;;;;;;;;;;;;;;
6579324;AILTON RIBEIRO (MAGU);;1;Brasil;;;;;;;;;;;;;;;;;;;;;;;;;
516448948948;PORTO SEGURO DIJON;PORTO SEGURO DIJON;1;Brasil;RIO DE JANEIRO;RIO DE JANEIRO;RECREIO;AVENIDA;AVENIDA DAS AMERICAS;14155;RECREIO;;;;;;;;;;;;;RESPONSAVEL ADRIANO;;;;;
98754357;DKA PNEUS;;1;Brasil;RIO DE JANEIRO;DUQUE DE CAXIAS;SANTA CRUZ DA SERRA;AVENIDA;DOS COQUEIROS;34;QUADRA 34;25260105;;;;;;;;;;;;;;;;;
95787624;BELEM PMERJ;;1;Brasil;;;;;;;;;;;;;;;;;;;;;;;;;
111626859;DANIEL DE FARIA GONÇALVES;DANIEL DE FARIA GONÇALVES;1;Brasil;;;;;;;;;;;;;;;;;;;;;;;;;
95176480;MILLENIUN AUTO CENTER;;1;Brasil;RIO DE JANEIRO;RIO DE JANEIRO;SANTA CRUZ;RUA;DO IMPERIO;408;LOJA;;;;;;;;;;;;;;;;;;
654714862;CONTINENTAL RECREIO;CONTINENTAL RECREIO;1;Brasil;;;;;;;;;;;;;;;;;;;;;;;;;
985698;BZ SCAP CAR;;1;Brasil;;;;;;;;;;;;;;;;;;;;;;;;;
21964325873;ILHA PNEUS;ILHA PNEUS;1;Brasil;RIO DE JANEIRO;RIO DE JANEIRO;ILHA DO GOVERNADOR CACUIA;ESTRADA;ESTRADA DO GALEÃO;216;LOJA B;21931242;21964325873;2124671424;ILHAPNEUSRJ@HOTMAIL.COM;;;;;;;;;21964325873;;;;;
9875461447;SANDRO LIMA LAIA;;1;Brasil;;;;;;;;;;;;;;;;;;;;;;;;;
987456;VANS IMPORT PNEUS;;1;Brasil;;;;;;;;;;;;;;;;;;;;;;;;;
9571530;GARAGEM 215 ( DIOGO CAR SERVICE);;1;Brasil;RIO DE JANEIRO;DUQUE DE CAXIAS;VILA GUANABARA;AVENIDA;GUANABARA;225;LOJA;25086020;;;;;;;;;;;;;;;;;
9573684;ROD CAR PNEUS;ROD CAR PNEUS;1;Brasil;;;;;;;;;;;;;;;;;;;;;;;;;
9517536;IMEDIAUTO M CARMO OFICINA MECÂNICA EIRELLI;;1;Brasil;;;;;;;;;;;;;;;;;;;;;;;;;
654456;PIT STOP (AB CENTRO AUTOMOTIVO);;1;Brasil;RIO DE JANEIRO;NOVA IGUAÇU;santa rita;Rua;Déia Maia;2650;ANEXO POSTO DE COMBUSTIVEL;26050518;;;;;;;;;;;;;;;;;
9512;BARATÃO PECAS E PNEUS;;1;Brasil;;;;;;;;;;;;;;;;;;;;;;;;;
32145;C P COMERCIO DE PNEUS EIRELLI ME(QUISSAMÃ);;1;Brasil;RIO DE JANEIRO;PETROPOLIS;QUISSAMÃ;RUA;QUISSAMÃ;1399;;25615531;;;;;;;;;;;;;;;;;
957624301;M6 RECREIO PNEUS;;1;Brasil;;;;;;;;;;;;;;;;;;;;;;;;;
3223655326;BORRACHARIA CASTILHO;;1;Brasil;;;;;;;;;;;;;;;;;;;;;;;;;
65445693;HADOCK LOBO PNEUS;;1;Brasil;;;;;;;;;;;;;;;;;;;;;;;;;
987456365789;BORRACHARIA DO RICARDO;;1;Brasil;RIO DE JANEIRO;BELFORD ROXO;PIÃ;;;1510;;;2197820233;;;;;;;;;;;;;;;;
325614;DESP CAR;;1;Brasil;;;;;;;;;;;;;;;;;;;;;;;;;
0000001;Galpão piremaxx usados;Galpão piremaxx usados;1;Brasil;RJ;Rio de Janeiro;;Rua Joao Santana;;183;;21031060;2138811891;;cnogueirapneus@hotmail.com;;;;;;;;;C NOGUEIRA COMERCIO DE PNEUS ME;;;;;
654;NOVA PRIME DIREÇÃO HIDRÁULICA;;1;Brasil;RIO DE JANEIRO;NOVA IGUAÇU;MOQUETA;RUA;ANDERSON DAUMAS;22;;;;;;;;;;;;;;;;;;;
957153;CRIOULO CARCACEIRO;;1;Brasil;;;;;;;;;;;;;;;;;;;;;;;;;
00012;RAFAEL (VIZINHO DA KATIA);;1;Brasil;RIO DE JANEIRO;RIO DE JANEIRO;COELHO NETO;;RUA ORLANDIA;386;;21545400;;;;;;;;;;;;;;;;;
32569247;SHALOM AUTO CENTER GNV - EIRELI;;1;Brasil;RIO DE JANEIRO;RIO DE JANEIRO;TAUA;;PARANAPUAM;1771;LOJA;21910253;;;;;;;;;;;;;;;;;
3546897;reginaldo vicente auto center do baixinho;;1;Brasil;RJ;mangaratiba;;;;;;;;;;;;;;;;;;;;;;;
9517564;C.H. CALIXTO (HENRIQUE BATERIAS E PNEUS);;1;Brasil;RIO DE JANEIRO;ANGRA DOS REIS;MORRO DA CRUZ;RUA;PREFEITO JOAO GREGORIO GALINDO;2897;loja;23905010;;;;;;;;;;;;;;;;;
32654956;FIORANI AUTO CENTER;;1;Brasil;;;;;;;;;;;;;;;;;;;;;;;;;
957846215;BRM AUTO CENTER LTDA;;1;Brasil;Rio de janeiro;Rio de janeiro;IRAJÁ;AVENIDA;MONSENHOR FELIX;733;LOJA;;;;;;;;;;;;;;;;;;
456;CARLOS ALBERTO NEGUETE;;1;Brasil;;;;;;;;;;;;;;;;;;;;;;;;;
3699634;AUTO POINT;;1;Brasil;;;;;;;;;;;;;;;;;;;;;;;;;
000002;PIREMAXX EXAMES TROCAS;PIREMAXX EXAMES TROCAS;1;Brasil;;;;;;;;;2138811891;;cnogueirapneus@hotmail.com;;;;;;;;;Piremaxx;;;;;
9567584;AILTON BACALHAU;;1;Brasil;;;;;;;;;;;;;;;;;;;;;;;;;
9317;ALINHA CAR;;1;Brasil;RIO DE JANEIRO;Mesquita;BANCO DE AREIA;RUA;JOSEFINA;190;;26560540;;;;;;;;;;;;;;;;;
323232323;BORRACHEIRO SANTA ISABEL;;1;Brasil;;;;;;;;;;;;;;;;;;;;;;;;;
9547628;WS SUSPENSÃO AUTOMOTIVA EIRELI;;1;Brasil;RIO DE JANEIRO;RIO DE JANEIRO;ACARI;RUA;IPUERA;165;LOJA;21530330;;;;;;;;;;;;;;;;;
32164489479;22 BPM;;1;Brasil;;;;;;;;;;;;;;;;;;;;;;;;;
3699632;MARCELO VEIGA PASCHOL (RENAULT CAR);;1;Brasil;RIO DE JANEIRO;NOVA IGUAÇU;PARQUE JOSÉ BONIFÁCIO;RUA;FLORIANO;115;RENAULT CAR;;;;;;;;;;;;;;;;;;
95765;CTI DAS RODAS;;1;Brasil;RIO DE JANEIRO;RIO DE JANEIRO;PENHA CIRCULAR;RUA;IRAPUÁ;70;LOJA B;21210673;;;;;;;;;;;;;;;;;
95135;BRM AUTO CENTER LTDA ( belo car );;1;Brasil;;;;;;;;;;;;;;;;;;;;;;;;;
147;T H TELECOM (LADY APPEARED);;1;Brasil;RIO DE JANEIRO;RIO DE JANEIRO;PADRE MIGUEL;RUA;UBATUBA;269;LOT 4 PAL 10038;21715310;;;;;;;;;;;;;;;;;
3254;TIANO CARCACEIRO;;1;Brasil;;;;;;;;;;;;;;;;;;;;;;;;;
3212546;DIEGO MIRANDA;;1;Brasil;;;;;;;;;;;;;;;;;;;;;;;;;
659823;JOÃO PEDRO DA SILVA SALLES;;1;Brasil;;;;;;;;;;;;;;;;;;;;;;;;;
6523;RIBESIL CONCEITO GARAGE;;1;Brasil;RIO DE JANEIRO;NOVA IGUAÇU;POSSE;Rua;HENRIQUE DUQUE ESTRADA MEYER;253;LOJA;26030380;;;;;;;;;;;;;;;;;
32564;VIANA AUTO CENTER;;1;Brasil;RIO DE JANEIRO;NOVA IGUAÇU;AUSTIN;RUA;FELIPE SALOMAO;276;;26087050;;;;;;;;;;;;;;;;;
123632;AUTO CENTER MARESOUND LTDA;;1;Brasil;RIO DE JANEIRO;DUQUE DE CAXIAS;Parada Angélica;AVENIDA;Automóvel Clube;446;;;;;;;;;;;;;;;;;;;
32159;JJLM SUSPENSÃO AUTOMOTIVA LTDA;;1;Brasil;RIO DE JANEIRO;RIO DE JANEIRO;BRAZ DE PINA;RUA;ITABIRA;199;;21215310;;;;;;;;;;;;;;;;;
3265485;REI DAS RODAS;;1;Brasil;RIO DE JANEIRO;DUQUE DE CAXIAS;SANTA CRUZ DA SERRA;;;;;;;;;;;;;;;;;;;;;;
30;PC CAR PNEUS;;1;Brasil;RIO DE JANEIRO;MAGÉ;JARDIM NAZARENO;AVENIDA;AUTOMOVEL CLUBE;1122;LOJA;25936045;;;;;;;;;;;;;;;;;
957;2R CENTRO AUTOMOTIVO (CABUÇU);;1;Brasil;RIO DE JANEIRO;NOVA IGUAÇU;CABUÇU;AVENIDA;ABÍLIO AUGUSTO TÁVORA;597;;;;;;;;;;;;;;;;;;;
95782;AUTOWASH PNEUS;;1;Brasil;;;;;;;;;;;;;;;;;;;;;;;;;
326579445;RENAULT LEAUTO ABOLIÇÃO;;1;Brasil;;;;;;;;;;;;;;;;;;;;;;;;;
9568234;BODAS PNEUS COMERCIO E SERVICOS LTDA;;1;Brasil;RIO DE JANEIRO;RIO DE JANEIRO;PIEDADE;AVENIDA;DOM HELDER CAMARA;8303;LOJA;20751001;;;;;;;;;;;;;;;;;
322331;RB PNEUS AUTO CENTER EIRELI ME;;1;Brasil;RIO DE JANEIRO;RIO DE JANEIRO;RAMOS;RUA;Cardoso de Morais;495;LOJA;21032025;;;;;;;;;;;;;;;;;
964;JANCEY CARDOSO BOMFIM( AUTO BONFIM );;1;Brasil;RIO DE JANEIRO;RIO DE JANEIRO;Anchieta;RUA;Cumata;610;LOJA;21645160;;;;;;;;;;;;;;;;;
95959565;R2 AUTO CENTER SERVIÇOS E COMERCIO (MESQUITA);;1;Brasil;rio de janeiro;Mesquita;banco de areia;avenida;GOVERNADOR CELSO PECANHA;1081;loja;26570000;;;;;;;;;;;;;;;;;
9523565;BY RODAS COMÉRCIO E SERVIÇOS;;1;Brasil;RIO DE JANEIRO;RIO DE JANEIRO;CAMPINHO;RUA;CANDIDO BENICIO;174;LOJA;21320060;;;;;;;;;;;;;;;;;
95788645;FELIPE MARIANO RAMOS;;1;Brasil;;;;;;;;;;;;;;;;;;;;;;;;;
957957;FORTE CARROS E SUCATA;;1;Brasil;RIO DE JANEIRO;RIO DE JANEIRO;ANCHIETA;RUA;ARAUJO ROZO;156;CASA 2;21635100;;;;;;;;;;;;;;;;;
32659844;DODA PARANÁ;;1;Brasil;;;;;;;;;;;;;;;;;;;;;;;;;
326579444;AUTO GUERRA SUSPENSÃO;;1;Brasil;;;;;;;;;;;;;;;;;;;;;;;;;
9568591;JAD ( ESTORIL) AUTO CENTER;;1;Brasil;;;;;;;;;;;;;;;;;;;;;;;;;
32568744;NISSAN LEAUTO TIJUCA;;1;Brasil;RIO DE JANEIRO;RIO DE JANEIRO;TIJUCA;RUA;CONDE DE BONFIM;1301;PARTE B USINA;;;;;;;;;;;;;;;;;;
326548970;ALEXANDRE GONÇALVES LARANJA;;1;Brasil;;;;;;;;;;;;;;;;;;;;;;;;;
9875617;CASA FERNANDO PNEUS;CASA FERNANDO ILHA PNEUS LTDA;1;Brasil;RIO DE JANEIRO;RIO DE JANEIRO;COCOTÁ;RUA;TENENTE CLETO CAMPÊLO;122;LOJA;21921025;;;;;;;;;;;;;;;;;
659856526;BORRACHEIRO DO RUSSO;;1;Brasil;RIO DE JANEIRO;RIO DE JANEIRO;SANTA CRUZ;ESTRADA;DE SEPETIBA;972;;23520660;;;;;;;;;;;;;;;;;
9087899111;SR CARRETINHAS;;1;Brasil;;;;;;;;;;;;;;;;;;;;;;;;;
9887123;JS CENTRO AUTOMOTIVO;;1;Brasil;RIO DE JANEIRO;RIO DE JANEIRO;CASCADURA;RUA;ERNANI CARDOSO;279;LOJA D;21310310;;;;;;;;;;;;;;;;;
957153103;AG RIO CAR;;1;Brasil;;RIO DE JANEIRO;;;;;;;;;;;;;;;;;;;;;;;
369963333;DOUGLAS CAMBRAIA SIQUEIRA;;1;Brasil;RIO DE JANEIRO;GUAPIMIRIM;CENTRO;RUA;BELMIRO VIVAS;10;LOJA;25946175;;;;;;;;;;;;;;;;;
236232656562;CHACRA GARAGE - 101;;1;Brasil;;RIO DE JANEIRO;JACAREPAGUA;RUA;LUIZA VALE;340;;;;;;;;;;;;;;;;;;;
3265478522;MARQUINHOS DETRAN;;1;Brasil;RIO DE JANEIRO;RIO DE JANEIRO;;RUO;SÃO JENUARIO/VASCO DA GAMA;817;;21031650;;;;;;;;;;;;;;;;;
9513;V L RJ SERVICOS AUTOMOTIVOS LTDA;V & L RJ SERVICOS AUTOMOTIVOS LTDA;1;Brasil;RIO DE JANEIRO;RIO DE JANEIRO;BANGU;LOJA;RUA ROQUE BARBOSA;8;LOJA;21863425;21964470998;;JR_THIMOTEO@HOTMAIL.COM;;;;;;;;;;;;;;
9877879987222;AUTO CENTER V e L;AUTO CENTER V e L;1;Brasil;RIO DE JANEIRO;RIO DE JANEIRO;BANGU;RUA;ROQUE BARBOSA;8;LOJA;21863425;;;;;;;;;;;;;;;;;
9516;JOSÉ LUIZ POUBEL DA SILVA (DA SILVA);DA SILVA;1;Brasil;RJ;Rio de Janeiro;SÃO JOSÉ;Rua 21;432;;;23595013;;;;;;;;;;;;;;;;;
32115154878;CAPS JACAREPAGUA;;1;Brasil;;;;;;;;;;;;;;;;;;;;;;;;;
9887445547;LEAUTO BOTAFOGO;;1;Brasil;;;;;;;;;;;;;;;;;;;;;;;;;
98656514;WAGNER DA MOTTA;;1;Brasil;;;;;;;;;;;;;;;;;;;;;;;;;
32658745165496;SIDNEI MEIRELES DA SILVA;;1;Brasil;;;;;;;;;;;;;;;;;;;;;;;;;
9874546478;MARCELO TORRES CORREIA;;1;Brasil;RIO DE JANEIRO;RIO DE JANEIRO;GUADALUPE;RUA;Francisco Bacuri;491;;21660350;;;;;;;;;;;;;;;;;
959987984154;HELIOS CAR RECUPERADORA;;1;Brasil;RIO DE JANEIRO;NOVA IGUAÇU;CAMPO ALEGRE;RUA;BALTAZAR;6399;;26292276;;;;;;;;;;;;;;;;;
32565211144;LUFETEC INDUSTRIA E COMERCIO;;1;Brasil;;;;;;;;;;;;;;;;;;;;;;;;;
3265412200;DAVI SUSPENSÕES VILA ISABEL;;1;Brasil;;;;;;;;;;;;;;;;;;;;;;;;;
23256491;FATOR PNEUS;;1;Brasil;;;;;;;;;;;;;;;;;;;;;;;;;
3265611981;Centro Automotivo Stop Part's;Centro Automotivo Stop Part's;1;Brasil;RIO DE JANEIRO;RIO DE JANEIRO;PILARES;AVENIDA;Dom Hélder Câmara;6938;;20751002;;;;;;;;;;;;;;;;;
2654879587;2M CAR;;1;Brasil;RIO DE JANEIRO;RIO DE JANEIRO;CORDOVIL;AVENIDA;MERITI;3863;LOJA;21250141;;;;;;;;;;;;;;;;;
235478854;ALEX VELLOSO RODRIGUES;;1;Brasil;RIO DE JANEIRO;RIO DE JANEIRO;RAMOS;ESTRADA;ENGENHO DA PEDRA;1308;;21031030;;;;;;;;;;;;;;;;;
321154;RL AUTO PECAS;;1;Brasil;RIO DE JANEIRO;NOVA IGUAÇU;TRÊS CORAÇÕES;ESTRADA;HENRIQUE DUQUE ESTRADA MEYER;1685;LOTE 03;26030250;;;;;;;;;;;;;;;;;
32614541;ZE COMERCIO DE PECAS, ACESSORIOS E SERVICOS;;1;Brasil;RIO DE JANEIRO;NOVA IGUAÇU;CENTRO;AVENIDA;NILO PEÇANHA;1263;;26215511;;;;;;;;;;;;;;;;;
323013164613;TAXI IMPÉRIO LTDA;;1;Brasil;RIO DE JANEIRO;RIO DE JANEIRO;ROCHA;AVENIDA;CONDE DO PORTO ALEGRE;70;PARTE E 92;20960110;;;;;;;;;;;;;;;;;
655565464;LUIZ EDUARDO GONÇALVES FERREIRA;;1;Brasil;;;;;;;;;;;;;;;;;;;;;;;;;
5649761;MZ RODAS E PNEUS LTDA;;1;Brasil;RIO DE JANEIRO;RIO DE JANEIRO;MAGALHÃES BASTOS;AVENIDA;MARECHAL FONTENELLE;4251;;21750121;;;;;;;;;;;;;;;;;
2012456;RETA DE ITAGUAI AUTO PEÇAS EIRELI;;1;Brasil;RIO DE JANEIRO;ITAGUAÍ;CENTRO;AVENIDA;AYRTON SENNA DA SILVA;;LT 1 QD 3 PART;23810760;;;;;;;;;;;;;;;;;
265412587;LIXO PORTA;;1;Brasil;;;;;;;;;;;;;;;;;;;;;;;;;
236541841;JRVC AUTO PEÇAS;;1;Brasil;RIO DE JANEIRO;RIO DE JANEIRO;COSMOS;RUA;GUARUJA;1866;LOJAS A B C D;23060660;;;;;;;;;;;;;;;;;
23614854;C. R. PIMENTEL OFICINA EM GERAL;;1;Brasil;RIO DE JANEIRO;DUQUE DE CAXIAS;JARDIM PRIMAVERA;ESTRADA;DO ROSÁRIO;;QD: 82 LT: 3;25215365;;;;;;;;;;;;;;;;;
3654788;ROGER CAR AUTO CENTER;;1;Brasil;RIO DE JANEIRO;RIO DE JANEIRO;ILHA DO GOVERNADOR;ESTRADA;DO CACUIA;704;LOJA A / CACUIA;21921001;;;;;;;;;;;;;;;;;
95874;JR TRUCK;;1;Brasil;;;;;;;;;;;;;;;;;;;;;;;;;
23564798;2L PNEUS;;1;Brasil;;;;;;;;;;;;;;;;;;;;;;;;;
234600;JOÃO VITOR (RESTAURANTE);;1;Brasil;;;;;;;;;;;;;;;;;;;;;;;;;
0001234;JOÃO CARLOS GOMES LEONARDO;JOÃO CARLOS GOMES LEONARDO;1;Brasil;;;;;;;;;;;;;;;;;;;;;;;;;
3214654878;MEGA AUTO CENTER;;1;Brasil;;;;;;;;;;;;;;;;;;;;;;;;;
32365449874981;BORRACHARIA DO VAVÁ (GILSOMAR);;1;Brasil;RIO DE JANEIRO;RIO DE JANEIRO;SANTA CRUZ;AVENIDA;BRASIL;62003;;;;;;;;;;;;;;;;;;;
2323165464;MP AUTO PARTS SERVICOS DE REBOQUES;;1;Brasil;RIO DE JANEIRO;RIO DE JANEIRO;OLARIA;RUA;CARLINA;90;90B;21021360;;;;;;;;;;;;;;;;;
32654987213;LOQUECAR;;1;Brasil;RIO DE JANEIRO;RIO DE JANEIRO;MARECHAL HERMES;RUA;AMÉRICO ROCHA;380;;;;;;;;;;;;;;;;;;;
32654971;PEÇA OIL;;1;Brasil;RIO DE JANEIRO;RIO DE JANEIRO;ILHA DO GOVERNADOR;ESTRADA;DO RIO JEQUIÁ;25;LOJA;21930010;;;;;;;;;;;;;;;;;
266564549;REDEKAR AUTO CENTER;;1;Brasil;RIO DE JANEIRO;SEROPEDICA;SEROPEDICA;FAZENDA CAXIAS;BR-465;29;;23895000;;;;;;;;;;;;;;;;;
00012345;RICARDO RODRIGUES CARDOZO;RICARDO RODRIGUES CARDOZO;1;Brasil;RIO DE JANEIRO;DUQUE DE CAXIAS;VILA ACTURA;RUO;RUA MARTINIANO DE ALENCAR;29;;25225320;;;;;;;;;;;;;;;;;
32654987216;LIPS AUTOPEÇAS E PNEUS;LIP'S AUTOPEÇAS E PNEUS;1;Brasil;RIO DE JANEIRO;RIO DE JANEIRO;CAMPO GRANDE;LOJA;ESTRADA DO MONTEIRO;2019;AO LADO DA PACHECO;23036340;21998997844;;;;;;;;;;;;;;;;
32654789;BORRACHEIRO BETEL (ALEX BOARETO);;1;Brasil;;;;;;;;;;;;;;;;;;;;;;;;;
2316444;PEDRO GOMES MORAIS JUNIOR (PORTA);;1;Brasil;;;;;;;;;;;;;;;;;;;;;;;;;
11445566;FALCON DISTRIBUIDORA;FACON DISTRIBUIDORA;1;Brasil;;;;;;;;;;;;;;;;;;;;;;;;;
232618541020;HUNTER SOLUÇÕES;;1;Brasil;;;;;;;;;;;;;;;;;;;;;;;;;
00000221456212;CEARA JR COMERCIO DE ACESSORIO PARA AUTO LTDA;CEARA JR COMERCIO DE ACESSORIO PARA AUTO LTDA;1;Brasil;;;;;;;;;;;;;;;;;;;;;;;;;
00004554;FLC DOS SANTOS AUTO CENTER BORRACHARIA;FLC DOS SANTOS AUTO CENTER BORRACHARIA;1;Brasil;RIO DE JANEIRO;DUQUE DE CAXIAS;IMBARIÉ;RUA;EUZEBIO DE MATOS;29;QUADRA  E;25270370;2184532625;;;;;;;;;;;;;;;;
000225602;JULIO CESAR DE SOUZA;JULIO CESAR DE SOUZA;1;Brasil;RIO DE JANEIRO;DUQUE DE CAXIAS;;RUO;RUA MARTINIANO DE ALENCAR;29;;25225320;;;;;;;;;;;;;;;;;
2321649874984;João Severino Coelho;;1;Brasil;;;;;;;;;;;;;;;;;;;;;;;;;
232164642;PS PRIME PENHA ZAP;;1;Brasil;;;;;;;;;;;;;;;;;;;;;;;;;
326564149;ANDERSON GUERRA;;1;Brasil;;;;;;;;;;;;;;;;;;;;;;;;;
320121;MORIÁ TURBO RACING;MORIÁ TURBO RACING;1;Brasil;Rio de janeiro;Rio de janeiro;;av;itaoca;1961;;;;;;;;;;;;;;;;;;;
00001581;PIREMAXX RIO COMPRAS;PIREMAXX RIO COMPRAS;1;Brasil;;;;;;;;;21984635693;2138811891;cnogueirapneus@hotmail.com;;;;;;;;;C NOGUEIRA COMERCIO DE PNEUS ME;;;;;
3265489;CAMACHO AUTO CENTER;;1;Brasil;RIO DE JANEIRO;BELFORD ROXO;;RUA;BENJAMIM PINTO DIAS;833;LOJA;26130000;;;;;;;;;;;;;;;;;
0000025632;JAHU;JAHU;1;Brasil;RIO DE JANEIRO;DUQUE DE CAXIAS;;RUO;RUA MARTINIANO DE ALENCAR;29;;25225320;;;;;;;;;;;;;;;;;
20120;BORRACHARIA 1515;;1;Brasil;RIO DE JANEIRO;RIO DE JANEIRO;CAMPO GRANDE;AVENIDA;ARTHUR RIOS;1515;;;;;;;;;;;;;;;;;;;
00001023666;MONTE CASEIROS;MONTE CASEIROS;1;Brasil;RIO DE JANEIRO;PETROPOLIS;VAL PARAISO;RUO;RUA CORONEL FABRICIO DE MATTOS;102;;25685170;;;;;;;;;;;;;;;;;
021225252;TAXI NEIDE;TAXI NEIDE;1;Brasil;RIO DE JANEIRO;DUQUE DE CAXIAS;ENCANTADO;RUO;RUA POMPILIO DE ALBURQUERQUE;290;;25225320;;;;;;;;;;;;;;;;;
03030;COELHÃO AUTO CENTER;COELHÃO AUTO CENTER;1;Brasil;RIO DE JANEIRO;QUEIMADOS;CENTRO;RUA;DOUTOR CARLOS ALBERTO REGO RAPOSO;;LT 20 QD 26;26310000;;;;;;;;;;;;;;;;;
326012154;THIAGO MONTEIRO BORRACHARIA;;1;Brasil;RIO DE JANEIRO;BELFORD ROXO;SANTO ANTÔNIO DA PRATA;AVENIDA;NUNES SAMPAIO;71;;;;;;;;;;;;;;;;;;;
32654987654654;LOJA;ADÃO - RICARDO DE ALBUQUERQUE;1;Brasil;RIO DE JANEIRO;RIO DE JANEIRO;;LOJA;ESTRADA DO MONTEIRO;2019;;23036340;;;;;;;;;;;;;;;;;
32145612;VEM CAR (CARLOS ARTHUR);;1;Brasil;RIO DE JANEIRO;RIO DE JANEIRO;SANTA CRUZ;AVENIDA;João XXIII;310;;23560352;;;;;;;;;;;;;;;;;
6540650;EMPRESA DE TAXI;TAXI NEIDE LTDA;1;Brasil;RIO DE JANEIRO;RIO DE JANEIRO;ENCANTADO;LOJA;RUA POMPILIO DE ALBUQUERQUE;290;;20720125;21998685353;2125946586;contatotaxineide@gmail.com;;;;;;;;;;;;;;
000025565262;GD AUTOMOVEIS;GD AUTOMOVEIS;1;Brasil;RIO DE JANEIRO;BENTO RIBEIRO;;RUO;INTENDENTE MAGALHÃES;29;;21331596;;;;;;;;;;;;;;;;;
3265478911;TIAGO SUSPENSÃO (PEDRA);TIAGO SUSPENSÃO;1;Brasil;RIO DE JANEIRO;RIO DE JANEIRO;GUARATIBA;ESTRADA;DA PEDRA;5029;ESTRADA DA PEDRA;23030380;21991085766;;thiagomiguellacerda@gmail.com;;;;;;;;;;;;;;
12154515218541;BORRACHEIRO RODILANDIA;;1;Brasil;;;;;;;;;;;;;;;;;;;;;;;;;
32651515;BOSCH CAR SERVICE BOX - GP;;1;Brasil;RIO DE JANEIRO;RIO DE JANEIRO;REALENGO;ESTRADA;DA ÁGUA BRANCA;3959;EM FRENTE A FABRICA VITOR HUGO;;;;;;;;;;;;;;;;;;
323264616;Jallyson Silva Coelho;;1;Brasil;;;;;;;;;;;;;;;;;;;;;;;;;
32654987220;MARCELO PECHINCHA;MARCELO PECHINCHA;1;Brasil;RIO DE JANEIRO;RIO DE JANEIRO;;LOJA;ESTRADA DO MONTEIRO;2019;;23036340;21970215930;;;;;;;;;;;;;;;;
15552222;OFICINA CAR 7;OFICINA CAR 7;1;Brasil;RIO DE JANEIRO;RIO DE JANEIRO;CAMPO GRANDE;COMERCIO;ESTRADA DO PRÉ;2053;;;;;;;;;;;;;;;;;;;
323164615212;JORGE CABRAL PORTO JUNIOR PERRECO;;1;Brasil;;;;;;;;;;;;;;;;;;;;;;;;;
3265941312+9;JORGE LUIZ DE ABREU ROSA;;1;Brasil;RIO DE JANEIRO;RIO DE JANEIRO;ANCHIETA;;;;;;;;;;;;;;;;;;;;;;
3216641063;MARCIO SILVA DOS SANTOS;;1;Brasil;RIO DE JANEIRO;RIO DE JANEIRO;RICARDO DE ALBUQUERQUE;;;;;;;;;;;;;;;;;;;;;;
231648782;JOSÉ MARCOS TORRES;;1;Brasil;;;;;;;;;;;;;;;;;;;;;;;;;
2631451020;RONALDO FRANÇA;;1;Brasil;;;;;;;;;;;;;;;;;;;;;;;;;
326230361;CENTRO AUTOMOTIVO WA EIRELLI WA;;1;Brasil;;;;;;;;;;;;;;;;;;;;;;;;;
154478489489481;LUCAR JACAREPAGUA (J SEIXAS);LUCAR JACAREPAGUA (J SEIXAS);1;Brasil;RIO DE JANEIRO;DUQUE DE CAXIAS;;RUO;RUA MARTINIANO DE ALENCAR;29;;25225320;;;;;;;;;;;;;;;;;
32615481;GILSON PNEUS;;1;Brasil;;;;;;;;;;;;;;;;;;;;;;;;;
326548;GAUCHO CARCACEIRO;;1;Brasil;;;;;;;;;;;;;;;;;;;;;;;;;
21330790;NOVA ERA VEICULOS;LOJA DE PNEUS;1;Brasil;RJ;RIO DE JANEIRO;VILA VALQUEIRE;LOJA;;509;;21330790;;;;;;;;;;;;;;;;;
232964615;MEGA CAMPO GRANDE;;1;Brasil;;;;;;;;;;;;;;;;;;;;;;;;;
23265697;ALISON RAMOS DE HOLANDA;;1;Brasil;;;;;;;;;;;;;;;;;;;;;;;;;
204491231;BORRACHEIRO 3 BROTHERS;;1;Brasil;;;;;;;;;;;;;;;;;;;;;;;;;
3264058;INEGA NOVA IGUAÇU;;1;Brasil;;;;;;;;;;;;;;;;;;;;;;;;;
3265497982;FERNANDO RICARDO DE ALBUQUERQUE;;1;Brasil;;;;;;;;;;;;;;;;;;;;;;;;;
3264150;Benetton Autocenter;;1;Brasil;RIO DE JANEIRO;RIO DE JANEIRO;CAMPO GRANDE;RUA;ARTUR RIOS;776;LOJA;23013470;;;;;;;;;;;;;;;;;
23164651;LUCAS SILVA DE SOUZA;;1;Brasil;;;;;;;;;;;;;;;;;;;;;;;;;
320614;DINAMICAR AUTO CENTER;;1;Brasil;;;;;;;;;;;;;;;;;;;;;;;;;
3265455646;MM AUTO CENTER;MM AUTO CENTER;1;Brasil;RIO DE JANEIRO;RIO DE JANEIRO;TANQUE;LOJA;AV. GENEMÁRIO DANTAS;626;JACAREPAGUÁ;22740110;21970215930;2124257783;mmmotopecas626@gmail.com;;;;;;;;;;;;;;
32654556;TEL TEO;TEL TEO;1;Brasil;RIO DE JANEIRO;RIO DE JANEIRO;;LOJA;ESTRADA DO MONTEIRO;2019;;23036340;;;;;;;;;;;;;;;;;
32165649;GARAGEM SA PETROPOLIS;;1;Brasil;RIO DE JANEIRO;PETRÓPOLIS;QUINTANDINHA;RUA;GENERAL RONDON;1002;;;;;;;;;;;;;;;;;;;
326154512;GARAGEM SA EXTRA PETROPOLIS;;1;Brasil;RIO DE JANEIRO;PETROPOLIS;QUITANDINHA;RUA;GENERAL RONDON;;DENTRO DO EXTRA;;;;;;;;;;;;;;;;;;
32694521;ALEX AJAX;;1;Brasil;;;;;;;;;;;;;;;;;;;;;;;;;
321147;CARIOCA PNEUS RECREIO;;1;Brasil;;;;;;;;;;;;;;;;;;;;;;;;;
36987;CARIOCA PNEUS BARRA;;1;Brasil;;;;;;;;;;;;;;;;;;;;;;;;;
65471;CARIOCA PNEUS RAMOS;;1;Brasil;;;;;;;;;;;;;;;;;;;;;;;;;
789633;CARIOCA PNEUS TAQUARA;;1;Brasil;;;;;;;;;;;;;;;;;;;;;;;;;
3644;CARIOCA PNEUS REALENGO;;1;Brasil;;;;;;;;;;;;;;;;;;;;;;;;;
355644122;TAXI VERDE LTDA (NOVO RIO);;1;Brasil;RIO DE JANEIRO;RIO DE JANEIRO;SÃO CRISTOVÃO;RUA;AMAZONAS;179;GALPÃO;;;;;;;;;;;;;;;;;;
32654987216.94;JIRE BORRACHARIA;JIRE;0;Brasil;RIO DE JANEIRO;RIO DE JANEIRO;;LOJA;ESTRADA DO MONTEIRO;2019;;23036340;;;;;;;;;;;;;;;;;
975758558;JIRE SERVIÇOS;JIRÉ SERVIÇOS;1;Brasil;RIO DE JANEIRO;RIO DE JANEIRO;;RUA;rua heracrito graça;170;;25225320;21975758558;;contatojire@gmail.com;;;;;;;;;;;;;;
1264959;CASA DO TAXISTA AUTO CENTER;;1;Brasil;;;;;;;;;;;;;;;;;;;;;;;;;
32601;RICARDO MACHADO;;1;Brasil;;;;;;;;;;;;;;;;;;;;;;;;;
23261551;AUTO POLO PETROPOLIS;;1;Brasil;RIO DE JANEIRO;PETROPOLIS;CORREAS;ESTRADA;UNIÃO INDÚSTRIA;4628;;;;;;;;;;;;;;;;;;;
32617896;PENINHA GÁS;;1;Brasil;;;;;;;;;;;;;;;;;;;;;;;;;
32647891;JOÃO GOMES DA SILVA;;1;Brasil;;;;;;;;;;;;;;;;;;;;;;;;;
326549872139687;MARCELO WERNECK;MARCELO WERNECK;1;Brasil;RIO DE JANEIRO;RIO DE JANEIRO;;LOJA;ESTRADA DO MONTEIRO;2019;;23036340;21970215930;;;;;;;;;;;;;;;;
985647;RIO PAIVA JACAREPAGUA;;1;Brasil;RIO DE JANEIRO;RIO DE JANEIRO;JACAREPAGUA;ESTRADA;DO TINDIBA;1525;;;;;;;;;;;;;;;;;;;
23264154;RIO PAIVA BONSUCESSO;;1;Brasil;RIO DE JANEIRO;RIO DE JANEIRO;BONSUCESSO;AVENIDA;ROMA;55;;;;;;;;;;;;;;;;;;;
12345655555;R CAR;R CAR AUTO CENTER LTDA;1;Brasil;RIO DE JANEIRO;DUQUE DE CAXIAS;VILA MARGARIDA;RUO;RUA MARTINIANO DE ALENCAR;29;LOTE 16;25225320;2170997176;;rcaritaguai@gmail.com;;;;;;;;;;;;;;
41112255522;RBN RIO CENTRO AUTOMOTIVO GP3 NITEROI;RBN RIO CENTRO AUTOMOTIVO GP3 NITEROI;1;Brasil;RIO DE JANEIRO;DUQUE DE CAXIAS;FONSECA;AVENIDA;ALAMEDA SÃO BOAVENTURA;176;;24120196;2124624382;;;;;;;;;;;;;;;;
1122255455;CASTILHO;BORRACHARIA CASTILHO;1;Brasil;RIO DE JANEIRO;NILÓPOLIS;CENTRO;AVENIDA;AVENIDA GETÚLIO VARGAS;324;;25225320;;2126912971;castilhopneus2020@gmail.com;;;;;;;;;;;;;;
52212255555;J SEIXAS BRAS DE PINA;J SEIXAS BRAS DE PINA;1;Brasil;RIO DE JANEIRO;DUQUE DE CAXIAS;;RUO;RUA MARTINIANO DE ALENCAR;29;;25225320;;;;;;;;;;;;;;;;;
1222255555;ALESSANDRO LIMA ESTRELA PRIMUS NOVA IGUAÇU;ALESSANDRO LIMA ESTRELA PRIMUS NOVA IGUAÇU;1;Brasil;RIO DE JANEIRO;NOVA IGUAÇU;NOVA IGUAÇU;RUO;JOÃO VENANCIO DE FIGUEIREDO;1555;;25225320;;;;;;;;;;;;;;;;;
11225255555;ART RIO RODAS E BORRACHEIRO;ART RIO RODAS E BORRACHEIRO LTDA;1;Brasil;RIO DE JANEIRO;RIO DE JANEIRO;BANGÚ;RUO;CORONEL TAMARINDO;2448;;21840447;;2124029640;;;;;;;;;;;;;;;
41151651516;FERNANDO DA FONTE PIMENTEL MF TERESOPOLIS;FERNANDO DA FONTE PIMENTEL ME MF TERESOPOLIS;1;Brasil;RIO DE JANEIRO;DUQUE DE CAXIAS;;RUO;RUA MARTINIANO DE ALENCAR;29;;25225320;;;mfpneus@yahoo.com;;;;;;;;;;;;;;
3265498721685;AUTO ELETREICA NOVA LUCHESSI LTDA.;AUTO ELETREICA NOVA LUCHESSI LTDA.;1;Brasil;RIO DE JANEIRO;RIO DE JANEIRO;TURUACÚ;LOJA;ESTRADA DO SAPÊ 28;28;LOJA;21550010;2130172092;;;;;;;;;;;;;;;;
1265651616516;LUCAS SILVA DE SOUZA;;1;Brasil;RIO DE JANEIRO;DUQUE DE CAXIAS;;RUO;RUA MARTINIANO DE ALENCAR;29;;25225320;;;;;;;;;;;;;;;;;
21981457871;VITOR CARLOS CARDOSO DOS SANTOS;;1;Brasil;RIO DE JANEIRO;DUQUE DE CAXIAS;;RUO;PARQUE ELDOURADO;27;;25225320;21981457871;;;;;;;;;;;;;;;;
1545151515;DIOGO MOTO TAXI;;1;Brasil;RIO DE JANEIRO;DUQUE DE CAXIAS;;RUO;RUA MARTINIANO DE ALENCAR;29;;25225320;;;;;;;;;;;;;;;;;
2126680008;ZE COMERCIO DE PECAS ACRSSORIOS E SERVICOS;ZE COMERCIO DE PECAS ACRSSORIOS E SERVICOS;1;Brasil;RIO DE JANEIRO;NOVA IGUAÇU;CENTRO;RUO;NILO PEÇANHA;1263;;26215511;;2126680008;;;;;;;;;;;;;;;
511855155;ROANITO PEREIRA PASSOS;;1;Brasil;RIO DE JANEIRO;DUQUE DE CAXIAS;;RUO;RUA MARTINIANO DE ALENCAR;29;;25225320;;;;;;;;;;;;;;;;;
15648964989;CAMPO PNEUS EIRELI (ROCHA);CAMPO PNEUS EIRELI (ROCHA);1;Brasil;RIO DE JANEIRO;RJ;CAMPO GRANDE;RUO;ESTRADA RIO DO A;1254;;25225320;;;;;;;;;;;;;;;;;
11090958;PARAIBA VEICULOS (R S B);PARAIBA VEICULOS (R B S);1;Brasil;RIO DE JANEIRO;DUQUE DE CAXIAS;REALENGO;RUO;RUA MARTINIANO DE ALENCAR;29;LOJA;25225320;21965787990;;FINANCIAMENTOSCLAUDIO@GMAIL.COM;;;;;;;;;;;;;;
216854451151;J SEIXAS DEL CASTILHO;;1;Brasil;RIO DE JANEIRO;DUQUE DE CAXIAS;;RUO;RUA MARTINIANO DE ALENCAR;29;;25225320;;;;;;;;;;;;;;;;;
549484948944;AUTO CENTER ITAIPU;;1;Brasil;RIO DE JANEIRO;NITEROI;ITAIPU;RUO;ESTRADA FRANCISCO DA CRUZ;3345;;25225320;;;;;;;;;;;;;;;;;
326015;BETO SANTA CRUZ (TIAGOCARBURADOR);;1;Brasil;RIO DE JANEIRO;RIO DE JANEIRO;SANTA CRUZ;RUA;TERESA  CRSITINA;117;LOJA;23515030;;;;;;;;;;;;;;;;;
38370608;LSP;;1;Brasil;RIO DE JANEIRO;RIO DE JANEIRO;JACARÉ;LOJA;RUA LINO TEIXEIRA;2019;;;;;;;;;;;;;;;;;;;
32123;C. R. PIMENTEL OFICINA EM GERAL (0103);;0;Brasil;;;;;;;;;;;;;;;;;;;;;;;;;
3214560;RAFAEL RODRIGUES SILVA;;1;Brasil;;;;;;;;;;;;;;;;;;;;;;;;;
30205516;FABIANO FARIAS DA SILVA;;1;Brasil;;;;;;;;;;;;;;;;;;;;;;;;;
9654782;BORRACHEIRO SANTA ISABEL LTDA;;1;Brasil;;;;;;;;;;;;;;;;;;;;;;;;;
32610;DIEGO LIMA DA CRUZ;;1;Brasil;;;;;;;;;;;;;;;;;;;;;;;;;
30147;PRONTO RODAS;;1;Brasil;;;;;;;;;;;;;;;;;;;;;;;;;
324567;STOP CAR AUTO CENTER;;1;Brasil;;;;;;;;;;;;;;;;;;;;;;;;;
0987899;W MAK;;1;Brasil;;;;;;;;;;;;;;;;;;;;;;;;;
000101010;LITORAL GAS (0102);;1;Brasil;RIO DE JANEIRO;RIO DAS OSTRAS;JARDIM BELA VISTA;AVENIDA;DOS BANDEIRANTES;;LOTE 1 QUADRA 9;28895520;;;;;;;;;;;;;;;;;
3123456;L G M ARARUAMA;;1;Brasil;RIO DE JANEIRO;ARARUAMA;PONTE DOS LEITES;RODOVIA;AMARAL PEIXOTO;83;LOJA 1;28977010;;;;;;;;;;;;;;;;;
3201;DUDU AUTO PEÇAS;;1;Brasil;RIO DE JANEIRO;CACHOEIRAS DE MACACU;PARQUE RIBEIRA;RUA;ALAMEDA SANTANA;33;;28695000;;;;;;;;;;;;;;;;;
1230;PNEU BARATO (0103);;1;Brasil;RIO DE JANEIRO;CABO FRIO;SÃO CRISTOVÃO;AVENIDA;AMERICA CENTRAL;505;;28909583;;;;;;;;;;;;;;;;;
324561;AUTO CENTER BATERIA;;1;Brasil;RIO DE JANEIRO;RIO DE JANEIRO;VILA DA PENHA;AVENIDA;BRAS DE PINA;1344;;21221250;;;;;;;;;;;;;;;;;
65236;MENDONÇA AUTO CENTER SPA - 0103;;1;Brasil;RIO DE JANEIRO;SÃO PEDRO DA ALDEIA;VINHATEIRO;ESTRADA;RJ 140 KM 08;279;;28940090;;;;;;;;;;;;;;;;;
3698751697;COSTA AZUL;;1;Brasil;RIO DE JANEIRO;RIO DAS OSTRAS;ATLANTICA;LOJA;ALCEBIADES SABINO DOS SANTOS;649;;28895658;;2131001935;COSTABRENDAB@HOTMAIL.COM;;;;;;;;;;;;;;
82657193;BC EFRAIM;AUTO CENTER RIO MINAS EIRELI;1;Brasil;RIO DE JANEIRO;RIO DAS OSTRAS;JARDIM CAMPOMAR;;PREFEITO JOSE BICUDO JARDIM;51;;28890374;;27598774;;;;;;;;;;;;;;;
098890;THIAGO STOP CAR;;1;Brasil;;;;;;;;;;;;;;;;;;;;;;;;;
32145632;BOX 80 AUTO CENTER LTDA - 0103;;1;Brasil;RIO DE JANEIRO;NOVA FRIBURGO;CENTRO;AVENIDA;CONSELHEIRO JULIUS ARP;509;;28623000;;;;;;;;;;;;;;;;;
1225555566232;JUNCAR AUTO CENTER;JUNCAR AUTO CENTER;1;Brasil;RIO DE JANEIRO;araruama;araruama;RUO;trevo de são vicente;29;;28970000;;2226734027;juncarautocenter@hotmail.com;;;;;;;;;;;;;;
2197654000;WILDISON RANGEL PORTELA;;1;Brasil;RIO DE JANEIRO;GUAPIMIRIM;VALE DAS PEDRINHAS;;RUA 11;;;;21998224448;;;;;;;;;;;;;;;;
12255848;AUTO CENTER BATERIA - SERPEÇAS;AUTO CENTER BATERIA - SERPEÇAS;1;Brasil;RIO DE JANEIRO;RIO DE JANEIRO;VILA DA PENHA;RUO;AV BRAS DE PINA;1344;;25225320;21964234248;2132681615;;;;;;;;;;;;;;;
322323;ALEXANDER BOLI BARCELOS;;1;Brasil;;;;;;;;;;;;;;;;;;;;;;;;;
321514;RONY CAR AUTO CENTER;;1;Brasil;RIO DE JANEIRO;RIO DE JANEIRO;BENFICA;;;;;;;;;;;;;;;;;;;;;;
3265974;BOX AR 27;;1;Brasil;RIO JANEIRO;;;;;;;;;;;;;;;;;;;;;;;;
326148;KING PNEUS;;1;Brasil;;;;;;;;;;;;;;;;;;;;;;;;;
918981;ABUD AC RIO DAS OSTRAS;;1;Brasil;;;;;;;;;;;;;;;;;;;;;;;;;
098i90;ABUD AC MACAÉ;;1;Brasil;;;;;;;;;;;;;;;;;;;;;;;;;
398675223664;OTHON;;1;Brasil;RIO DE JANEIRO;RIO DE JANEIRO;MAGALHAES BASTOS;;GALPAO;1190;;21745310;;;;;;;;;;;;;;;;;
3265478910846;SHOPPING DAS PEÇAS (CABO FRIO);SHOPPING DAS PEÇAS (CABO FRIO);1;Brasil;RIO DE JANEIRO;CABO FRIO;JARDIN ESPERAÇA;RUA;ESTRADA DE BÚZIOS;550;;28922270;22988245058;;;;;;;;;;;;;;;;
32612231;FB ENGATES REBOQUES E PRODUTOS NAUTICO;;1;Brasil;rio de janeiro;rio de janeiro;piedade;rua;goias;652;casa 01;20756121;;;;;;;;;;;;;;;;;
21982460275;BORRACHARIA MARANHÃO;BORRACHARIA MARANHÃO;1;Brasil;RIO DE JANEIRO;NILOPÓLIS;CENTRO;RUO;RUA MARIA DE ARAUJO;1824;;;2123914502;21982460275;;;;;;;;;;;;;;;
4489489489489489;REDISCAP;REDISCAP;1;Brasil;RIO DE JANEIRO;DUQUE DE CAXIAS;;RUO;RUA MARTINIANO DE ALENCAR;29;;25225320;;;;;;;;;;;;;;;;;
9578416;RICARDO CARDOSO;;1;Brasil;;;;;;;;;;;;;;;;;;;;;;;;;
77776345355335636;GONDIN PNEUS;GONDIN PNEUS;1;Brasil;RIO DE JANEIRO;BELFORD ROXO;CENTRO;;;501;;26113420;;2126616261;;;;;;;;;;;;;;;
23123;FULL AUTO CENTER;;1;Brasil;;;;;;;;;;;;;;;;;;;;;;;;;
321456200;GABRIEL NERY RANGEL;;1;Brasil;RIO DE JANEIRO;NOVA IGUAÇU;PONTO CHIC;RUA;ULISSES MACIEL;187;;26032710;;;;;;;;;;;;;;;;;
232654512;THIAGO JEFERSON;;1;Brasil;;;;;;;;;;;;;;;;;;;;;;;;;
32641521;JC CAR;;1;Brasil;;;;;;;;;;;;;;;;;;;;;;;;;
321520;NOVA ELITE CENTRO AUTO. (N. IGUAÇU) - 0103;;1;Brasil;rio de janeiro;nova iguaçu;centro;rua;coronel francisco soares;565;;26216032;;;;;;;;;;;;;;;;;
32661065;STOP AUTO CENTER;;1;Brasil;RIO DE JANEIRO;RIO DE JANEIRO;CAVALCANTE;RUA;ANTONIO DE SÁ;33;LOJA;21381310;;;;;;;;;;;;;;;;;
95623;EDUARDO CARCACEIRO;;1;Brasil;;;;;;;;;;;;;;;;;;;;;;;;;
2183810144;POINT KAR;;1;Brasil;RIO DE JANEIRO;NOVA FRIBURGO;CONSELHEIRO PAULINO;;AV GOVERNADOR ROBERTO SILVEIRA;3364;;28635000;;;;;;;;;;;;;;;;;
09110080716;DS AUTO;;1;Brasil;RIO DE JANEIRO;RIO DE JANEIRO;GUARATIBA;;do magarca;8584;;23031205;964621909;34277696;;;;;;;;;;;;;;;
326.1;BLACK-X PNEU AUTO CENTER (0103);;1;Brasil;RIO DE JANEIRO;ARARUAMA;RIO DO LIMÃO;AVENIDA;GETULIO VARGAS;2201;LOJA 1;28970000;;;;;;;;;;;;;;;;;
326455;RIO DAS OSTRAS COM. DE PNEUS - TOP ONE (0103);;1;Brasil;RIO DE JANEIRO;RIO DAS OSTRAS;ENSEADA DAS GAIVOTAS;AVENIDA;AVENIDA DOS BANDEIRANTES;2592;;28897188;;;;;;;;;;;;;;;;;
11721165000179;REDE NEWS;;1;Brasil;RIO DE JANEIRO;RIO DAS OSTRAS;CIDADE BEIRA MAR;AVENIDA;AMARAL PEIXOTO;;;28890001;;2227745011;REDENEWS@HOTMAIL.COM;;;;;;;;;;;;;;
21964796036;A&L CONCEITO AUTOMOTIVO 1;A&L CONCEITO AUTOMOTIVO;1;Brasil;RIO DE JANEIRO;DUQUE DE CAXIAS;paciência;RUO;RUA MARTINIANO DE ALENCAR;29;;25225320;21964796036;;aelconceitoautomotivo2022@gmail.com;;;;;;;;;;;;;;
232612164;AUTO CENTER RB LTDA (ROCHA);;1;Brasil;RIO DE JANEIRO;RIO DE JANEIRO;VILA ISABEL;RUA;VISCONDE DE SANTA ISABEL;167;;20560120;;;;;;;;;;;;;;;;;
3260451;CAMPO GRANDE PNEUS EIRELLI ME (ROCHA);;1;Brasil;RIO DE JANEIRO;RIO DE JANEIRO;CAMPO GRANDE;ESTRADA;RIO DO A;1254;;23080300;;;;;;;;;;;;;;;;;
65220;GUSTAVO RODAS (0103);;1;Brasil;RIO DE JANEIRO;SAQUAREMA;ENGENHO GRANDE;AVENIDA;SAQUAREMA;3456;;28990000;;;;;;;;;;;;;;;;;
321646451;Felipe Cândido da Silva BORRACHEIRO;;1;Brasil;RIO DE JANEIRO;MANGARATIBA;MURIQUI;;;;;;;;;;;;;;;;;;;;;;
(21) 97099-7176;R CAR AUTO CENTER itaguai LTDA - 0103;;1;Brasil;RIO DE JANEIRO;ITAGUAI;VILA MARGARIDA;RUA;PREFEITO ISOLDAKSON CRUZ DE BRITO;18;GALPÃO;23825840;;;;;;;;;;;;;;;;;
3261585;A&L CONCEITO AUTOMOTIVO (PACIENCIA);;1;Brasil;RIO DE JANEIRO;RIO DE JANEIRO;PACIENCIA;AVENIDA;CESARIO DE MELO;11073;LOJA;23585125;;;;;;;;;;;;;;;;;
34627196;LOCADORA GRILLO E RIBEIRO;;1;Brasil;rio de janeiro;rio de janeiro;campo grande;estrada;do pedregoso;3120;;23078450;;;;;;;;;;;;;;;;;
2199201274155;AUTO BAN PNEUS;AUTO BAN PNEUS;1;Brasil;RIO  DE JANEIRO;RIO DE JANEIRO;BARRA DA TIJUCA;RUA;MINISTRI IVAN LINS;720;BARRA DA TIJUCA;21941060;21998661760;;;;;;;;;;;;;;;;
2138451303;E S VIEIRA ESTACIONAMENTO;E S VIEIRA ESTACIONAMENTO;1;Brasil;RIO DE JANEIRO;DUQUE DE CAXIAS;JARDIM VINTE E CINCO DE AGOSTO;RUA;FREI FIDÉLIS;22;QUADRA 22 LOTE 01;25011060;;;;;;;;;;;;;;;;;
32315616;PEDRO OFICINA AUTOMAIS;;1;Brasil;RIO DE JANEIRO;RIO DE JANEIRO;SÃO CRISTOVÃO;RUA;ANTUNES MACIEL;528;LOJA;20940010;;;;;;;;;;;;;;;;;
16514154845;PNEU BOM;PNEU BOM;1;Brasil;RIO DE JANEIRO;;VILA ISABEL;RUO;BOULEVARD 28 DE SETEMBRO;25;;;;;;;;;;;;;;;;;;;
21) 3469-7712;WALLACE DO GÁS | PAIS & FILHOS GNV - 0103;;1;Brasil;RIO DE JANEIRO;RIO DE JANEIRO;SANTISSIMO;AVENIDA;SANTA CRUZ;9467;LOJA;23010004;;;;;;;;;;;;;;;;;
3837060822;EXPRESSO PNEUS RJ - QUEIMADOS;EXPRESSO PNEUS RJ - QUEIMADOS;1;Brasil;RIO DE JANEIRO;;;LOJA;RUA VEREADOR MARINHO HEMETERIO PLIVEIRA;1692;QUEIMADOS;26323291;;;;;;;;;;;;;;;;;
1218543003;REGINALDO ALVES NEVES;;1;Brasil;;;;;;;;;;;;;;;;;;;;;;;;;
21994867214;ELIAS CHAGAS;;1;Brasil;;;;;;;;;;;;;;;;;;;;;;;;;
(21) 96575-1633;INNOVATE AUTO CENTER -0101;;1;Brasil;rio dejaneiro;magé;piabeta(inhomirim);rua;guarany;159;;25931782;;;;;;;;;;;;;;;;;
32615;CAPS SANTA CRUZ;;1;Brasil;;;;;;;;;;;;;;;;;;;;;;;;;
3265498721685855;EVOLUÇÃO DO GÁS | PNEUMATICOS JANAPAT LTDA;EVOLUÇÃO DO GÁS | PNEUMATICOS JANAPAT LTDA;1;Brasil;RIO DE JANEIRO;RIO DE JANEIRO;SENADOR VASCONCELOS;LOJA;AVENIDA DE SANTA CRUZ;11501;;23010001;21979802091;;;;;;;;;;;;;;;;
3837060800;INVEST GAS CENTER | PARADA LEGAL;INVEST GAS CENTER | PARADA LEGAL;1;Brasil;RIO DE JANEIRO;RIO DE JANEIRO;OSWALDO CRUZ;LOJA;ESTRADA INTENDENTE MAGALHÃES;578;;21331720;21979671003;2133595044;;;;;;;;;;;;;;;
21921530022;CAPS TAQUARA;;1;Brasil;RIO DE JANEIRO;RIO DE JANEIRO;JACAREPAGUA;ESTRADA;DOS BANDEIRANTES;643;LOJA;;;;;;;;;;;;;;;;;;
326541;CAPS MEIER AUTO CENTER;;1;Brasil;;;;;;;;;;;;;;;;;;;;;;;;;
3321655;BOSCH JPA AUTO CENTER;;1;Brasil;;;;;;;;;;;;;;;;;;;;;;;;;
17992411547;ROMILDO CORREA DOS REIS (MINEIRO);ROMILDO CORREA DOS REIS (MINEIRO);1;Brasil;SÃO PAULO;SÃO PAULO;;RUA;RUA LUPERCIO COSTA CURTA;94;;;17992411547;;;;;;;;;;;;;;;;
(21) 2667-6049;H.H.V. BARBOSA;;1;Brasil;RIO DE JANEIRO;NOVA IGUAÇU;SANTA EUGENIA;RUA;JOÃO FERNANDES;54;26285730;;;;;;;;;;;;;;;;;;
21992012741;BORRACHARIA DO BAIXINHO;BORRACHARIA DO BAIXINHO;1;Brasil;;;;;;;;;21992012741;;;;;;;;;;;;;;;;
24.835.117/0001-53;AMANDAS VEICULOS AUTOMOTORES LTDA;AMANDAS VEICULOS AUTOMOTORES LTDA;1;Brasil;RIO  DE JANEIRO;RIO DE JANEIRO;MARIA DA GRAÇA;AVENIDA;DOM HELDER CAMARA;3177;LOJA A;21941060;2135977337;;amandaveiculos1@gmail.com;;;;;;;;;;;;;;
32112131;MARCO 5 BOCAS;;1;Brasil;;;;;;;;;;;;;;;;;;;;;;;;;
22998768083;CAPS TOTAL TEC SPA;;1;Brasil;RIO DE JANEIRO;SÃO PEDRO DA ALDEIA;CAMPO REDONDO;RODOVIA;RJ 140;0;;28942246;;;;;;;;;;;;;;;;;
652315;ELITE (CAMPO GRANDE);;1;Brasil;RIO DE JANEIRO;RIO DE JANEIRO;CAMPO GRANDE;ESTRADA;DO MAGARÇA;2500;LOJA DE ESQUINA;23035372;;;;;;;;;;;;;;;;;
3299936592;HL PNEUS (JUIZ DE FORA);;1;Brasil;MINAS GERAIS;JUIZ DE FORA;SÃO DIMAS;RUA;CORONEL VIDAL;1788;LOJA;36080262;;;;;;;;;;;;;;;;;
3265498721;CAPS MARICA;CAPS MERICA;1;Brasil;RIO DE JANEIRO;MARICA;;LOJA;RUA ABREU SODRÉ;470;;23036340;;;;;;;;;;;;;;;;;
322566;NOVA ELITE (CHATUBA) NOVA IGUAÇU;;1;Brasil;;;;;;;;;;;;;;;;;;;;;;;;;
(21) 99449-9365;J.P BORRACHEIRO - RENATO DA COSTA PINTO;;1;Brasil;RIO DE JANEIRO;DUQUE DE CAXIAS;IMBARIÉ;AVENIDA;CORONEL SISSON;531;;25266000;;;;;;;;;;;;;;;;;
02132259100;LEAUTO CAMPINHO;;1;Brasil;RIO DE JANEIRO;RIO DE JANEIRO;CAMPINHO;ESTRADA;Intendente Magalhães;462;;21330790;;;;;;;;;;;;;;;;;
320561210;AUTO CENTER BONSUCESSO COMERCIO DE PEÇAS E ACESSORIOS LTDA (ROCHA);;1;Brasil;RIO DE JANEIRO;RIO DE JANEIRO;HIGIÉNOPOLIS;AVENIDA;DEMOCRATICOS;1625;C GARAGE;21050435;;;;;;;;;;;;;;;;;
246944112231;Fabricio Cruz - Flamenguista;Fabricio;1;Brasil;RIO DE JANEIRO;RIO DE JANEIRO;;LOJA;ESTRADA DO MONTEIRO;;;23036340;21969538502;;;;;;;;;;;;;;;;
321;RC PNEUS BARRA COMERCIO E SERVIÇOS EIRELLI ME (ROCHA);;1;Brasil;RIO DE JANEIRO;RIO DE JANEIRO;BARRA DA TIJUCA;AVENIDA;DAS AMERICAS;11542;LOJA;22793082;;;;;;;;;;;;;;;;;
(21) 98286-1296;EXPRESSO PNEUS RJ - RAMOS;EXPRESSO PNEUS RJ - RAMOS;1;Brasil;RIO DE JANEIRO;RIO DE JANEIRO;RAMOS;AVENIDA;BRASIL;7866;LOJA C;;;;;;;;;;;;;;;;;;
.95;CASA DOS PNEUS DE OLARIA EIRELI;CASA DOS PNEUS DE OLARIA;1;Brasil;RIO DE JANEIRO;RIO DE JANEIRO;OLARIA;LOJA;RUA LEOPOLDINA REGO;416;OLARIA;23036340;;;;;;;;;;;;;;;;;
21970079577;ERNESTO RIVERO Y RIVERO;ERNESTO;1;Brasil;RIO  DE JANEIRO;RJ;JARDIM GUANABARA;RUA;SIDNEY MULLER;28102;;21941060;;21970079577;necoryr7@hotmail.com;;;;;;;;;;;;;;
2195102767;JULIO CESAR LAPA FERNANDES;JULIO CESAR;1;Brasil;rj;RIO DE JANEIRO;RAMOS;RUA;RUA TACI;182;;;2195102767;;juliolapa97@gmail.com;;;;;;;;;;;;;;
3265455653;EXPRESSO PNEUS RJ - PENHA;EXPRESSO PNEUS RJ - (PENHA);1;Brasil;RIO DE JANEIRO;RIO DE JANEIRO;PENHA;LOJA;AV. BRAS DE PINA;835;PENHA CIRCULAR;23036340;21982861296;;;;;;;;;;;;;;;;
01030000;POINT DEMOCRATICO 660 LTDA;POINT DEMOCRATICO 660 LTDA;1;Brasil;RIO DE JANEIRO;RIO DE JANEIRO;MANGUINHOS;LOJA;ESTRADA DO MONTEIRO;660;LOJA;210500000;21964373847;;;;;;;;;;;;;;;;
1234543w1;Joelson dinizio da silva;;1;Brasil;;;;;;;;;;;;;;;;;;;;;;;;;
455551516115;IGOR BORRACHEIRO SEPETIBA;IGOR BORRACHEIRO SEPETIBA;1;Brasil;RIO DE JANEIRO;DUQUE DE CAXIAS;;RUO;RUA MARTINIANO DE ALENCAR;;;25225320;;;;;;;;;;;;;;;;;
555667889;RENOCAR;RENOCAR;1;Brasil;RIO DE JANEIRO;DUQUE DE CAXIAS;;RUO;RUA MARTINIANO DE ALENCAR;;;25225320;;;;;;;;;;;;;;;;;
21970451837;FRANSOL PNEUS LTDA ME;FRANSOL PNEUS LTDA ME;1;Brasil;RIO DE JANEIRO;DUQUE DE CAXIAS;;RUO;RUA DR AGOSTINHO PORTO;;LOTE 1 QUADRA 29;25510292;;;;;;;;;;;;;;;;;
5151695169516951;GARAGEM 215;GARAGEM 215;0;Brasil;RIO DE JANEIRO;DUQUE DE CAXIAS;;RUO;RUA MARTINIANO DE ALENCAR;;;25225320;;;;;;;;;;;;;;;;;
098i9000;EXPRESSO PNEUS RJ - NILOPOLIS;EXPRESSO PNEUS RJ - NILOPOLIS;1;Brasil;RIO DE JANEIRO;Nilopolis;Centro;Avenida;AVENIDA GETULIO VARGAS;1981;NILOPOLIS;26510010;;;;;;;;;;;;;;;;;
325460122;JULIO BORRACHEIRO TIO DO DAVIDSON;;1;Brasil;;;;;;;;;;;;;;;;;;;;;;;;;
FIM;1210